/*
SQLyog Ultimate v12.5.0 (64 bit)
MySQL - 5.1.30-community : Database - ec
*********************************************************************
*/

/*!40101 SET NAMES utf8 */;

/*!40101 SET SQL_MODE=''*/;

/*!40014 SET @OLD_UNIQUE_CHECKS=@@UNIQUE_CHECKS, UNIQUE_CHECKS=0 */;
/*!40014 SET @OLD_FOREIGN_KEY_CHECKS=@@FOREIGN_KEY_CHECKS, FOREIGN_KEY_CHECKS=0 */;
/*!40101 SET @OLD_SQL_MODE=@@SQL_MODE, SQL_MODE='NO_AUTO_VALUE_ON_ZERO' */;
/*!40111 SET @OLD_SQL_NOTES=@@SQL_NOTES, SQL_NOTES=0 */;
CREATE DATABASE /*!32312 IF NOT EXISTS*/`ec` /*!40100 DEFAULT CHARACTER SET utf8 */;

USE `ec`;

/*Table structure for table `category` */

DROP TABLE IF EXISTS `category`;

CREATE TABLE `category` (
  `id` int(11) NOT NULL AUTO_INCREMENT,
  `cname` varchar(20) NOT NULL,
  `level` int(11) DEFAULT NULL,
  `parentid` int(11) DEFAULT NULL,
  PRIMARY KEY (`id`),
  UNIQUE KEY `cname` (`cname`)
) ENGINE=InnoDB AUTO_INCREMENT=17 DEFAULT CHARSET=utf8;

/*Data for the table `category` */

insert  into `category`(`id`,`cname`,`level`,`parentid`) values 
(1,'家电',1,0),
(2,'生活用品',1,0),
(3,'手机',2,1),
(4,'电脑',2,1),
(5,'玩具',2,2),
(6,'衣服',1,0),
(7,'上衣',2,6),
(8,'鞋子',2,6),
(9,'裤子',2,6),
(10,'洗漱用品',1,0),
(13,'洗发水',2,10),
(14,'花露水',2,10),
(15,'家具',1,0),
(16,'冰箱',2,1);

/*Table structure for table `goods` */

DROP TABLE IF EXISTS `goods`;

CREATE TABLE `goods` (
  `id` int(11) NOT NULL AUTO_INCREMENT,
  `name` varchar(50) DEFAULT NULL,
  `pubdate` date DEFAULT NULL,
  `price` bigint(20) DEFAULT NULL,
  `star` int(11) DEFAULT NULL,
  `pic` varchar(100) DEFAULT NULL,
  `info` text,
  `flag` int(11) DEFAULT NULL,
  `cid` int(11) DEFAULT NULL,
  `uid` int(11) DEFAULT NULL,
  PRIMARY KEY (`id`)
) ENGINE=InnoDB AUTO_INCREMENT=27 DEFAULT CHARSET=utf8;

/*Data for the table `goods` */

insert  into `goods`(`id`,`name`,`pubdate`,`price`,`star`,`pic`,`info`,`flag`,`cid`,`uid`) values 
(1,'华为9','2018-08-04',999930,2,'7d9c8715e02047058a73acdafc4a2f92_1182820421.jpg','xzcxzczx',0,3,2),
(2,'小米4c','2018-08-04',999090,4,'9d2a250a188c4653b0055255537df72c_77094b36acaf2edd79f0eafe8a1001e9390193a0.jpg','采蘑菇的小姑娘',0,3,2),
(3,'小米6','2018-08-04',999090,4,'6b830adbbcfb4f7db5f563cc2b062fa3_77094b36acaf2edd79f0eafe8a1001e9390193a0.jpg','采蘑菇的小姑娘',1,3,2),
(4,'红米note6','2018-08-04',375666,4,'b86926e3268640489fa5b259fe651a02_','很棒，非常棒',0,3,3),
(5,'小米8','2018-08-17',435435,5,NULL,NULL,0,3,5),
(6,'小米7','2018-08-14',345345,3,NULL,NULL,0,3,3),
(7,'戴尔灵越','2018-08-14',546434,5,NULL,NULL,0,4,2),
(8,'神船6','2018-07-31',676555,5,NULL,NULL,1,4,2),
(9,'宏碁arce','2018-08-24',868553,3,NULL,NULL,0,4,1),
(10,'苹果mac pro','2018-08-24',991231,2,NULL,NULL,0,4,2),
(11,'六神花露水','2018-08-11',32131,5,NULL,NULL,0,14,3),
(12,'六神沐浴露','2018-08-04',17623,3,NULL,NULL,0,13,3),
(13,'舒肤佳','2018-08-24',12232,3,NULL,NULL,0,10,4),
(14,'耐克1号','2018-08-25',152382,5,NULL,NULL,0,8,4),
(15,'耐克2号','2018-08-16',128939,5,NULL,NULL,0,8,4),
(16,'李宁球鞋','2018-08-07',192223,4,NULL,NULL,0,8,5),
(17,'黑豹运动鞋','2018-08-22',126339,4,NULL,NULL,0,8,5),
(18,'秋季运动裤','2018-08-15',193928,5,NULL,NULL,0,9,5),
(19,'限量版秋裤2号','2018-08-23',224324,5,NULL,NULL,0,9,5),
(20,'棉裤特大号','2018-08-18',166600,5,NULL,NULL,0,9,2),
(21,'夏凉T恤','2018-08-14',177700,5,NULL,NULL,0,7,5),
(22,'潮人T恤','2018-08-18',188800,5,NULL,NULL,0,7,2),
(23,'超帅短袖','2018-08-25',199990,5,NULL,NULL,0,7,1),
(24,'超美短袖','2018-08-22',199900,5,NULL,NULL,0,7,2),
(25,'超美短裙','2018-08-20',126666,5,NULL,NULL,0,9,1),
(26,'超帅短裤','2018-08-16',122122,5,NULL,NULL,0,9,1);

/*Table structure for table `t_cart` */

DROP TABLE IF EXISTS `t_cart`;

CREATE TABLE `t_cart` (
  `id` int(11) NOT NULL AUTO_INCREMENT,
  `uid` int(11) DEFAULT NULL,
  `createtime` datetime DEFAULT NULL,
  PRIMARY KEY (`id`)
) ENGINE=InnoDB AUTO_INCREMENT=11 DEFAULT CHARSET=utf8;

/*Data for the table `t_cart` */

insert  into `t_cart`(`id`,`uid`,`createtime`) values 
(1,1,'2018-08-10 21:12:54'),
(2,2,'2018-08-10 15:49:00'),
(3,3,'2018-08-10 16:05:58'),
(10,4,'2018-08-10 21:12:47');

/*Table structure for table `t_cartitem` */

DROP TABLE IF EXISTS `t_cartitem`;

CREATE TABLE `t_cartitem` (
  `id` int(11) NOT NULL AUTO_INCREMENT,
  `gid` int(11) DEFAULT NULL,
  `count` int(11) DEFAULT NULL,
  `cartid` int(11) DEFAULT NULL,
  `createtime` datetime DEFAULT NULL,
  PRIMARY KEY (`id`)
) ENGINE=InnoDB AUTO_INCREMENT=13 DEFAULT CHARSET=utf8;

/*Data for the table `t_cartitem` */

insert  into `t_cartitem`(`id`,`gid`,`count`,`cartid`,`createtime`) values 
(1,2,1,1,'2018-08-10 10:39:13'),
(2,2,3,2,'2018-08-10 15:49:00'),
(3,1,4,1,'2018-08-10 16:05:58'),
(4,1,1,2,'2018-08-10 16:06:03'),
(5,1,2,1,'2018-08-10 16:06:06'),
(6,2,1,1,'2018-08-10 16:11:17'),
(7,2,5,3,'2018-08-10 19:40:00'),
(8,2,1,3,'2018-08-10 19:40:39'),
(9,2,2,3,'2018-08-10 19:44:29'),
(10,2,1,10,'2018-08-10 21:19:53'),
(11,14,1,10,'2018-08-10 21:20:05'),
(12,4,1,10,'2018-08-10 22:54:38');

/*Table structure for table `t_city` */

DROP TABLE IF EXISTS `t_city`;

CREATE TABLE `t_city` (
  `id` int(11) NOT NULL AUTO_INCREMENT,
  `no` varchar(5) DEFAULT NULL,
  `name` varchar(20) DEFAULT NULL,
  `pid` int(11) DEFAULT NULL,
  PRIMARY KEY (`id`)
) ENGINE=InnoDB AUTO_INCREMENT=370 DEFAULT CHARSET=utf8;

/*Data for the table `t_city` */

insert  into `t_city`(`id`,`no`,`name`,`pid`) values 
(1,'0101','北京',1),
(2,'0201','上海',2),
(3,'0301','天津',3),
(4,'0401','重庆',4),
(5,'0501','哈尔滨',5),
(6,'0502','齐齐哈尔',5),
(7,'0503','牡丹江',5),
(8,'0504','佳木斯',5),
(9,'0505','绥化',5),
(10,'0506','黑河',5),
(11,'0507','大兴安岭',5),
(12,'0508','伊春',5),
(13,'0509','大庆',5),
(14,'0510','七台河',5),
(15,'0511','鸡西',5),
(16,'0512','鹤岗',5),
(17,'0513','双鸭山',5),
(18,'0601','长春',6),
(19,'0602','吉林',6),
(20,'0603','延边',6),
(21,'0604','四平',6),
(22,'0605','通化',6),
(23,'0606','白城',6),
(24,'0607','辽源',6),
(25,'0608','松原',6),
(26,'0609','白山',6),
(27,'0701','沈阳',7),
(28,'0702','大连',7),
(29,'0703','鞍山',7),
(30,'0704','抚顺',7),
(31,'0705','本溪',7),
(32,'0706','丹东',7),
(33,'0707','锦州',7),
(34,'0708','营口',7),
(35,'0709','阜新',7),
(36,'0710','辽阳',7),
(37,'0711','铁岭',7),
(38,'0712','朝阳',7),
(39,'0713','盘锦',7),
(40,'0714','葫芦岛',7),
(41,'0801','呼和浩特',8),
(42,'0802','包头',8),
(43,'0803','乌海',8),
(44,'0804','乌兰察布',8),
(45,'0805','通辽',8),
(46,'0806','赤峰',8),
(47,'0807','鄂尔多斯',8),
(48,'0808','巴彦淖尔',8),
(49,'0809','锡林郭勒',8),
(50,'0810','呼伦贝尔',8),
(51,'0811','兴安盟',8),
(52,'0812','阿拉善盟',8),
(53,'0901','石家庄',9),
(54,'0902','保定',9),
(55,'0903','张家口',9),
(56,'0904','承德',9),
(57,'0905','唐山',9),
(58,'0906','廊坊',9),
(59,'0907','沧州',9),
(60,'0908','衡水',9),
(61,'0909','邢台',9),
(62,'0910','邯郸',9),
(63,'0911','秦皇岛',9),
(64,'1001','太原',10),
(65,'1002','大同',10),
(66,'1003','阳泉',10),
(67,'1004','晋中',10),
(68,'1005','长治',10),
(69,'1006','晋城',10),
(70,'1007','临汾',10),
(71,'1008','运城',10),
(72,'1009','朔州',10),
(73,'1010','忻州',10),
(74,'1011','吕梁',10),
(75,'1101','西安',11),
(76,'1102','咸阳',11),
(77,'1103','延安',11),
(78,'1104','榆林',11),
(79,'1105','渭南',11),
(80,'1106','商洛',11),
(81,'1107','安康',11),
(82,'1108','汉中',11),
(83,'1109','宝鸡',11),
(84,'1110','铜川',11),
(85,'1111','杨凌',11),
(86,'1201','济南',12),
(87,'1202','青岛',12),
(88,'1203','淄博',12),
(89,'1204','德州',12),
(90,'1205','烟台',12),
(91,'1206','潍坊',12),
(92,'1207','济宁',12),
(93,'1208','泰安',12),
(94,'1209','临沂',12),
(95,'1210','菏泽',12),
(96,'1211','滨州',12),
(97,'1212','东营',12),
(98,'1213','威海',12),
(99,'1214','枣庄',12),
(100,'1215','日照',12),
(101,'1216','莱芜',12),
(102,'1217','聊城',12),
(103,'1301','乌鲁木齐',13),
(104,'1302','克拉玛依',13),
(105,'1303','石河子',13),
(106,'1304','昌吉',13),
(107,'1305','吐鲁番',13),
(108,'1306','巴音郭楞',13),
(109,'1307','阿拉尔',13),
(110,'1308','阿克苏',13),
(111,'1309','喀什',13),
(112,'1310','伊犁',13),
(113,'1311','塔城',13),
(114,'1312','哈密',13),
(115,'1313','和田',13),
(116,'1314','阿勒泰',13),
(117,'1315','克州',13),
(118,'1316','博尔塔拉',13),
(119,'1401','拉萨',14),
(120,'1402','日喀则',14),
(121,'1403','山南',14),
(122,'1404','林芝',14),
(123,'1405','昌都',14),
(124,'1406','那曲',14),
(125,'1407','阿里',14),
(126,'1501','西宁',15),
(127,'1502','海东',15),
(128,'1503','黄南',15),
(129,'1504','海南',15),
(130,'1505','果洛',15),
(131,'1506','玉树',15),
(132,'1507','海西',15),
(133,'1508','海北',15),
(134,'1509','格尔木',15),
(135,'1601','兰州',16),
(136,'1602','定西',16),
(137,'1603','平凉',16),
(138,'1604','庆阳',16),
(139,'1605','武威',16),
(140,'1606','金昌',16),
(141,'1607','张掖',16),
(142,'1608','酒泉',16),
(143,'1609','天水',16),
(144,'1610','陇南',16),
(145,'1611','临夏',16),
(146,'1612','甘南',16),
(147,'1613','白银',16),
(148,'1614','嘉峪关',16),
(149,'1701','银川',17),
(150,'1702','石嘴山',17),
(151,'1703','吴忠',17),
(152,'1704','固原',17),
(153,'1705','中卫',17),
(154,'1801','郑州',18),
(155,'1802','安阳',18),
(156,'1803','新乡',18),
(157,'1804','许昌',18),
(158,'1805','平顶山',18),
(159,'1806','信阳',18),
(160,'1807','南阳',18),
(161,'1808','开封',18),
(162,'1809','洛阳',18),
(163,'1810','商丘',18),
(164,'1811','焦作',18),
(165,'1812','鹤壁',18),
(166,'1813','濮阳',18),
(167,'1814','周口',18),
(168,'1815','漯河',18),
(169,'1816','驻马店',18),
(170,'1817','三门峡',18),
(171,'1818','济源',18),
(172,'1901','南京',19),
(173,'1902','无锡',19),
(174,'1903','镇江',19),
(175,'1904','苏州',19),
(176,'1905','南通',19),
(177,'1906','扬州',19),
(178,'1907','盐城',19),
(179,'1908','徐州',19),
(180,'1909','淮安',19),
(181,'1910','连云港',19),
(182,'1911','常州',19),
(183,'1912','泰州',19),
(184,'1913','宿迁',19),
(185,'2001','武汉',20),
(186,'2002','襄阳',20),
(187,'2003','鄂州',20),
(188,'2004','孝感',20),
(189,'2005','黄冈',20),
(190,'2006','黄石',20),
(191,'2007','咸宁',20),
(192,'2008','荆州',20),
(193,'2009','宜昌',20),
(194,'2010','恩施',20),
(195,'2011','十堰',20),
(196,'2012','神农架',20),
(197,'2013','随州',20),
(198,'2014','荆门',20),
(199,'2015','天门',20),
(200,'2016','仙桃',20),
(201,'2017','潜江',20),
(202,'2101','杭州',21),
(203,'2102','湖州',21),
(204,'2103','嘉兴',21),
(205,'2104','宁波',21),
(206,'2105','绍兴',21),
(207,'2106','台州',21),
(208,'2107','温州',21),
(209,'2108','丽水',21),
(210,'2109','金华',21),
(211,'2110','衢州',21),
(212,'2111','舟山',21),
(213,'2201','合肥',22),
(214,'2202','蚌埠',22),
(215,'2203','芜湖',22),
(216,'2204','淮南',22),
(217,'2205','马鞍山',22),
(218,'2206','安庆',22),
(219,'2207','宿州',22),
(220,'2208','阜阳',22),
(221,'2209','亳州',22),
(222,'2210','黄山',22),
(223,'2211','滁州',22),
(224,'2212','淮北',22),
(225,'2213','铜陵',22),
(226,'2214','宣城',22),
(227,'2215','六安',22),
(228,'2216','巢湖',22),
(229,'2217','池州',22),
(230,'2301','福州',23),
(231,'2302','厦门',23),
(232,'2303','宁德',23),
(233,'2304','莆田',23),
(234,'2305','泉州',23),
(235,'2306','漳州',23),
(236,'2307','龙岩',23),
(237,'2308','三明',23),
(238,'2309','南平',23),
(239,'2401','南昌',24),
(240,'2402','九江',24),
(241,'2403','上饶',24),
(242,'2404','抚州',24),
(243,'2405','宜春',24),
(244,'2406','吉安',24),
(245,'2407','赣州',24),
(246,'2408','景德镇',24),
(247,'2409','萍乡',24),
(248,'2410','新余',24),
(249,'2411','鹰潭',24),
(250,'2501','长沙',25),
(251,'2502','湘潭',25),
(252,'2503','株洲',25),
(253,'2504','衡阳',25),
(254,'2505','郴州',25),
(255,'2506','常德',25),
(256,'2507','益阳',25),
(257,'2508','娄底',25),
(258,'2509','邵阳',25),
(259,'2510','岳阳',25),
(260,'2511','张家界',25),
(261,'2512','怀化',25),
(262,'2513','永州',25),
(263,'2514','湘西',25),
(264,'2601','贵阳',26),
(265,'2602','遵义',26),
(266,'2603','安顺',26),
(267,'2604','黔南',26),
(268,'2605','黔东南',26),
(269,'2606','铜仁',26),
(270,'2607','毕节',26),
(271,'2608','六盘水',26),
(272,'2609','黔西南',26),
(273,'2701','成都',27),
(274,'2702','攀枝花',27),
(275,'2703','自贡',27),
(276,'2704','绵阳',27),
(277,'2705','南充',27),
(278,'2706','达州',27),
(279,'2707','遂宁',27),
(280,'2708','广安',27),
(281,'2709','巴中',27),
(282,'2710','泸州',27),
(283,'2711','宜宾',27),
(284,'2712','内江',27),
(285,'2713','资阳',27),
(286,'2714','乐山',27),
(287,'2715','眉山',27),
(288,'2716','凉山',27),
(289,'2717','雅安',27),
(290,'2718','甘孜',27),
(291,'2719','阿坝',27),
(292,'2720','德阳',27),
(293,'2721','广元',27),
(294,'2801','广州',28),
(295,'2802','韶关',28),
(296,'2803','惠州',28),
(297,'2804','梅州',28),
(298,'2805','汕头',28),
(299,'2806','深圳',28),
(300,'2807','珠海',28),
(301,'2808','佛山',28),
(302,'2809','肇庆',28),
(303,'2810','湛江',28),
(304,'2811','江门',28),
(305,'2812','河源',28),
(306,'2813','清远',28),
(307,'2814','云浮',28),
(308,'2815','潮州',28),
(309,'2816','东莞',28),
(310,'2817','中山',28),
(311,'2818','阳江',28),
(312,'2819','揭阳',28),
(313,'2820','茂名',28),
(314,'2821','汕尾',28),
(315,'2901','昆明',29),
(316,'2902','大理',29),
(317,'2903','红河',29),
(318,'2904','曲靖',29),
(319,'2905','保山',29),
(320,'2906','文山',29),
(321,'2907','玉溪',29),
(322,'2908','楚雄',29),
(323,'2909','普洱',29),
(324,'2910','昭通',29),
(325,'2911','临沧',29),
(326,'2912','怒江',29),
(327,'2913','迪庆',29),
(328,'2914','丽江',29),
(329,'2915','德宏',29),
(330,'2916','西双版纳',29),
(331,'3001','南宁',30),
(332,'3002','崇左',30),
(333,'3003','柳州',30),
(334,'3004','来宾',30),
(335,'3005','桂林',30),
(336,'3006','梧州',30),
(337,'3007','贺州',30),
(338,'3008','贵港',30),
(339,'3009','玉林',30),
(340,'3010','百色',30),
(341,'3011','钦州',30),
(342,'3012','河池',30),
(343,'3013','北海',30),
(344,'3014','防城港',30),
(345,'3101','海口',31),
(346,'3102','三亚',31),
(347,'3103','东方',31),
(348,'3104','临高',31),
(349,'3105','澄迈',31),
(350,'3106','儋州',31),
(351,'3107','昌江',31),
(352,'3108','白沙',31),
(353,'3109','琼中',31),
(354,'3110','定安',31),
(355,'3111','屯昌',31),
(356,'3112','琼海',31),
(357,'3113','文昌',31),
(358,'3114','保亭',31),
(359,'3115','万宁',31),
(360,'3116','陵水',31),
(361,'3117','西沙',31),
(362,'3118','南沙',31),
(363,'3119','乐东',31),
(364,'3120','五指山',31),
(365,'3201','香港',32),
(366,'3301','澳门',33),
(367,'3401','台北',34),
(368,'3402','高雄',34),
(369,'3403','台中',34);

/*Table structure for table `t_county` */

DROP TABLE IF EXISTS `t_county`;

CREATE TABLE `t_county` (
  `id` int(11) NOT NULL AUTO_INCREMENT,
  `no` varchar(8) DEFAULT NULL,
  `name` varchar(20) DEFAULT NULL,
  `weatherCode` varchar(10) DEFAULT NULL,
  `cityid` int(11) DEFAULT NULL,
  PRIMARY KEY (`id`)
) ENGINE=InnoDB AUTO_INCREMENT=2565 DEFAULT CHARSET=utf8;

/*Data for the table `t_county` */

insert  into `t_county`(`id`,`no`,`name`,`weatherCode`,`cityid`) values 
(1,'010101','北京','101010100',1),
(2,'010102','海淀','101010200',1),
(3,'010103','朝阳','101010300',1),
(4,'010104','顺义','101010400',1),
(5,'010105','怀柔','101010500',1),
(6,'010106','通州','101010600',1),
(7,'010107','昌平','101010700',1),
(8,'010108','延庆','101010800',1),
(9,'010109','丰台','101010900',1),
(10,'010110','石景山','101011000',1),
(11,'010111','大兴','101011100',1),
(12,'010112','房山','101011200',1),
(13,'010113','密云','101011300',1),
(14,'010114','门头沟','101011400',1),
(15,'010115','平谷','101011500',1),
(16,'020101','上海','101020100',2),
(17,'020102','闵行','101020200',2),
(18,'020103','宝山','101020300',2),
(19,'020104','嘉定','101020500',2),
(20,'020105','浦东南汇','101020600',2),
(21,'020106','金山','101020700',2),
(22,'020107','青浦','101020800',2),
(23,'020108','松江','101020900',2),
(24,'020109','奉贤','101021000',2),
(25,'020110','崇明','101021100',2),
(26,'020111','徐家汇','101021200',2),
(27,'020112','浦东','101021300',2),
(28,'030101','天津','101030100',3),
(29,'030102','武清','101030200',3),
(30,'030103','宝坻','101030300',3),
(31,'030104','东丽','101030400',3),
(32,'030105','西青','101030500',3),
(33,'030106','北辰','101030600',3),
(34,'030107','宁河','101030700',3),
(35,'030108','汉沽','101030800',3),
(36,'030109','静海','101030900',3),
(37,'030110','津南','101031000',3),
(38,'030111','塘沽','101031100',3),
(39,'030112','大港','101031200',3),
(40,'030113','蓟县','101031400',3),
(41,'040101','重庆','101040100',4),
(42,'040102','永川','101040200',4),
(43,'040103','合川','101040300',4),
(44,'040104','南川','101040400',4),
(45,'040105','江津','101040500',4),
(46,'040106','万盛','101040600',4),
(47,'040107','渝北','101040700',4),
(48,'040108','北碚','101040800',4),
(49,'040109','巴南','101040900',4),
(50,'040110','长寿','101041000',4),
(51,'040111','黔江','101041100',4),
(52,'040112','万州','101041300',4),
(53,'040113','涪陵','101041400',4),
(54,'040114','开县','101041500',4),
(55,'040115','城口','101041600',4),
(56,'040116','云阳','101041700',4),
(57,'040117','巫溪','101041800',4),
(58,'040118','奉节','101041900',4),
(59,'040119','巫山','101042000',4),
(60,'040120','潼南','101042100',4),
(61,'040121','垫江','101042200',4),
(62,'040122','梁平','101042300',4),
(63,'040123','忠县','101042400',4),
(64,'040124','石柱','101042500',4),
(65,'040125','大足','101042600',4),
(66,'040126','荣昌','101042700',4),
(67,'040127','铜梁','101042800',4),
(68,'040128','璧山','101042900',4),
(69,'040129','丰都','101043000',4),
(70,'040130','武隆','101043100',4),
(71,'040131','彭水','101043200',4),
(72,'040132','綦江','101043300',4),
(73,'040133','酉阳','101043400',4),
(74,'040134','秀山','101043600',4),
(75,'050101','哈尔滨','101050101',5),
(76,'050102','双城','101050102',5),
(77,'050103','呼兰','101050103',5),
(78,'050104','阿城','101050104',5),
(79,'050105','宾县','101050105',5),
(80,'050106','依兰','101050106',5),
(81,'050107','巴彦','101050107',5),
(82,'050108','通河','101050108',5),
(83,'050109','方正','101050109',5),
(84,'050110','延寿','101050110',5),
(85,'050111','尚志','101050111',5),
(86,'050112','五常','101050112',5),
(87,'050113','木兰','101050113',5),
(88,'050201','齐齐哈尔','101050201',6),
(89,'050202','讷河','101050202',6),
(90,'050203','龙江','101050203',6),
(91,'050204','甘南','101050204',6),
(92,'050205','富裕','101050205',6),
(93,'050206','依安','101050206',6),
(94,'050207','拜泉','101050207',6),
(95,'050208','克山','101050208',6),
(96,'050209','克东','101050209',6),
(97,'050210','泰来','101050210',6),
(98,'050301','牡丹江','101050301',7),
(99,'050302','海林','101050302',7),
(100,'050303','穆棱','101050303',7),
(101,'050304','林口','101050304',7),
(102,'050305','绥芬河','101050305',7),
(103,'050306','宁安','101050306',7),
(104,'050307','东宁','101050307',7),
(105,'050401','佳木斯','101050401',8),
(106,'050402','汤原','101050402',8),
(107,'050403','抚远','101050403',8),
(108,'050404','桦川','101050404',8),
(109,'050405','桦南','101050405',8),
(110,'050406','同江','101050406',8),
(111,'050407','富锦','101050407',8),
(112,'050501','绥化','101050501',9),
(113,'050502','肇东','101050502',9),
(114,'050503','安达','101050503',9),
(115,'050504','海伦','101050504',9),
(116,'050505','明水','101050505',9),
(117,'050506','望奎','101050506',9),
(118,'050507','兰西','101050507',9),
(119,'050508','青冈','101050508',9),
(120,'050509','庆安','101050509',9),
(121,'050510','绥棱','101050510',9),
(122,'050601','黑河','101050601',10),
(123,'050602','嫩江','101050602',10),
(124,'050603','孙吴','101050603',10),
(125,'050604','逊克','101050604',10),
(126,'050605','五大连池','101050605',10),
(127,'050606','北安','101050606',10),
(128,'050701','大兴安岭','101050701',11),
(129,'050702','塔河','101050702',11),
(130,'050703','漠河','101050703',11),
(131,'050704','呼玛','101050704',11),
(132,'050705','呼中','101050705',11),
(133,'050706','新林','101050706',11),
(134,'050707','加格达奇','101050708',11),
(135,'050801','伊春','101050801',12),
(136,'050802','乌伊岭','101050802',12),
(137,'050803','五营','101050803',12),
(138,'050804','铁力','101050804',12),
(139,'050805','嘉荫','101050805',12),
(140,'050901','大庆','101050901',13),
(141,'050902','林甸','101050902',13),
(142,'050903','肇州','101050903',13),
(143,'050904','肇源','101050904',13),
(144,'050905','杜尔伯特','101050905',13),
(145,'051001','七台河','101051002',14),
(146,'051002','勃利','101051003',14),
(147,'051101','鸡西','101051101',15),
(148,'051102','虎林','101051102',15),
(149,'051103','密山','101051103',15),
(150,'051104','鸡东','101051104',15),
(151,'051201','鹤岗','101051201',16),
(152,'051202','绥滨','101051202',16),
(153,'051203','萝北','101051203',16),
(154,'051301','双鸭山','101051301',17),
(155,'051302','集贤','101051302',17),
(156,'051303','宝清','101051303',17),
(157,'051304','饶河','101051304',17),
(158,'051305','友谊','101051305',17),
(159,'060101','长春','101060101',18),
(160,'060102','农安','101060102',18),
(161,'060103','德惠','101060103',18),
(162,'060104','九台','101060104',18),
(163,'060105','榆树','101060105',18),
(164,'060106','双阳','101060106',18),
(165,'060201','吉林','101060201',19),
(166,'060202','舒兰','101060202',19),
(167,'060203','永吉','101060203',19),
(168,'060204','蛟河','101060204',19),
(169,'060205','磐石','101060205',19),
(170,'060206','桦甸','101060206',19),
(171,'060301','延吉','101060301',20),
(172,'060302','敦化','101060302',20),
(173,'060303','安图','101060303',20),
(174,'060304','汪清','101060304',20),
(175,'060305','和龙','101060305',20),
(176,'060306','龙井','101060307',20),
(177,'060307','珲春','101060308',20),
(178,'060308','图们','101060309',20),
(179,'060401','四平','101060401',21),
(180,'060402','双辽','101060402',21),
(181,'060403','梨树','101060403',21),
(182,'060404','公主岭','101060404',21),
(183,'060405','伊通','101060405',21),
(184,'060501','通化','101060501',22),
(185,'060502','梅河口','101060502',22),
(186,'060503','柳河','101060503',22),
(187,'060504','辉南','101060504',22),
(188,'060505','集安','101060505',22),
(189,'060506','通化县','101060506',22),
(190,'060601','白城','101060601',23),
(191,'060602','洮南','101060602',23),
(192,'060603','大安','101060603',23),
(193,'060604','镇赉','101060604',23),
(194,'060605','通榆','101060605',23),
(195,'060701','辽源','101060701',24),
(196,'060702','东丰','101060702',24),
(197,'060703','东辽','101060703',24),
(198,'060801','松原','101060801',25),
(199,'060802','乾安','101060802',25),
(200,'060803','前郭','101060803',25),
(201,'060804','长岭','101060804',25),
(202,'060805','扶余','101060805',25),
(203,'060901','白山','101060901',26),
(204,'060902','靖宇','101060902',26),
(205,'060903','临江','101060903',26),
(206,'060904','东岗','101060904',26),
(207,'060905','长白','101060905',26),
(208,'060906','抚松','101060906',26),
(209,'060907','江源','101060907',26),
(210,'070101','沈阳','101070101',27),
(211,'070102','辽中','101070103',27),
(212,'070103','康平','101070104',27),
(213,'070104','法库','101070105',27),
(214,'070105','新民','101070106',27),
(215,'070201','大连','101070201',28),
(216,'070202','瓦房店','101070202',28),
(217,'070203','金州','101070203',28),
(218,'070204','普兰店','101070204',28),
(219,'070205','旅顺','101070205',28),
(220,'070206','长海','101070206',28),
(221,'070207','庄河','101070207',28),
(222,'070301','鞍山','101070301',29),
(223,'070302','台安','101070302',29),
(224,'070303','岫岩','101070303',29),
(225,'070304','海城','101070304',29),
(226,'070401','抚顺','101070401',30),
(227,'070402','新宾','101070402',30),
(228,'070403','清原','101070403',30),
(229,'070404','章党','101070404',30),
(230,'070501','本溪','101070501',31),
(231,'070502','本溪县','101070502',31),
(232,'070503','桓仁','101070504',31),
(233,'070601','丹东','101070601',32),
(234,'070602','凤城','101070602',32),
(235,'070603','宽甸','101070603',32),
(236,'070604','东港','101070604',32),
(237,'070701','锦州','101070701',33),
(238,'070702','凌海','101070702',33),
(239,'070703','义县','101070704',33),
(240,'070704','黑山','101070705',33),
(241,'070705','北镇','101070706',33),
(242,'070801','营口','101070801',34),
(243,'070802','大石桥','101070802',34),
(244,'070803','盖州','101070803',34),
(245,'070901','阜新','101070901',35),
(246,'070902','彰武','101070902',35),
(247,'071001','辽阳','101071001',36),
(248,'071002','辽阳县','101071002',36),
(249,'071003','灯塔','101071003',36),
(250,'071004','弓长岭','101071004',36),
(251,'071101','铁岭','101071101',37),
(252,'071102','开原','101071102',37),
(253,'071103','昌图','101071103',37),
(254,'071104','西丰','101071104',37),
(255,'071105','调兵山','101071105',37),
(256,'071201','朝阳','101071201',38),
(257,'071202','凌源','101071203',38),
(258,'071203','喀左','101071204',38),
(259,'071204','北票','101071205',38),
(260,'071205','建平县','101071207',38),
(261,'071301','盘锦','101071301',39),
(262,'071302','大洼','101071302',39),
(263,'071303','盘山','101071303',39),
(264,'071401','葫芦岛','101071401',40),
(265,'071402','建昌','101071402',40),
(266,'071403','绥中','101071403',40),
(267,'071404','兴城','101071404',40),
(268,'080101','呼和浩特','101080101',41),
(269,'080102','土左旗','101080102',41),
(270,'080103','托县','101080103',41),
(271,'080104','和林','101080104',41),
(272,'080105','清水河','101080105',41),
(273,'080106','呼市郊区','101080106',41),
(274,'080107','武川','101080107',41),
(275,'080201','包头','101080201',42),
(276,'080202','白云鄂博','101080202',42),
(277,'080203','满都拉','101080203',42),
(278,'080204','土右旗','101080204',42),
(279,'080205','固阳','101080205',42),
(280,'080206','达茂旗','101080206',42),
(281,'080207','希拉穆仁','101080207',42),
(282,'080301','乌海','101080301',43),
(283,'080401','集宁','101080401',44),
(284,'080402','卓资','101080402',44),
(285,'080403','化德','101080403',44),
(286,'080404','商都','101080404',44),
(287,'080405','兴和','101080406',44),
(288,'080406','凉城','101080407',44),
(289,'080407','察右前旗','101080408',44),
(290,'080408','察右中旗','101080409',44),
(291,'080409','察右后旗','101080410',44),
(292,'080410','四子王旗','101080411',44),
(293,'080411','丰镇','101080412',44),
(294,'080501','通辽','101080501',45),
(295,'080502','舍伯吐','101080502',45),
(296,'080503','科左中旗','101080503',45),
(297,'080504','科左后旗','101080504',45),
(298,'080505','青龙山','101080505',45),
(299,'080506','开鲁','101080506',45),
(300,'080507','库伦','101080507',45),
(301,'080508','奈曼','101080508',45),
(302,'080509','扎鲁特','101080509',45),
(303,'080510','巴雅尔吐胡硕','101080511',45),
(304,'080511','霍林郭勒','101081108',45),
(305,'080601','赤峰','101080601',46),
(306,'080602','阿鲁旗','101080603',46),
(307,'080603','浩尔吐','101080604',46),
(308,'080604','巴林左旗','101080605',46),
(309,'080605','巴林右旗','101080606',46),
(310,'080606','林西','101080607',46),
(311,'080607','克什克腾','101080608',46),
(312,'080608','翁牛特','101080609',46),
(313,'080609','岗子','101080610',46),
(314,'080610','喀喇沁','101080611',46),
(315,'080611','八里罕','101080612',46),
(316,'080612','宁城','101080613',46),
(317,'080613','敖汉','101080614',46),
(318,'080614','宝国吐','101080615',46),
(319,'080701','鄂尔多斯','101080701',47),
(320,'080702','达拉特','101080703',47),
(321,'080703','准格尔','101080704',47),
(322,'080704','鄂前旗','101080705',47),
(323,'080705','河南','101080706',47),
(324,'080706','伊克乌素','101080707',47),
(325,'080707','鄂托克','101080708',47),
(326,'080708','杭锦旗','101080709',47),
(327,'080709','乌审旗','101080710',47),
(328,'080710','伊金霍洛','101080711',47),
(329,'080711','乌审召','101080712',47),
(330,'080712','东胜','101080713',47),
(331,'080801','临河','101080801',48),
(332,'080802','五原','101080802',48),
(333,'080803','磴口','101080803',48),
(334,'080804','乌前旗','101080804',48),
(335,'080805','大佘太','101080805',48),
(336,'080806','乌中旗','101080806',48),
(337,'080807','乌后旗','101080807',48),
(338,'080808','海力素','101080808',48),
(339,'080809','那仁宝力格','101080809',48),
(340,'080810','杭锦后旗','101080810',48),
(341,'080901','锡林浩特','101080901',49),
(342,'080902','二连浩特','101080903',49),
(343,'080903','阿巴嘎','101080904',49),
(344,'080904','苏左旗','101080906',49),
(345,'080905','苏右旗','101080907',49),
(346,'080906','朱日和','101080908',49),
(347,'080907','东乌旗','101080909',49),
(348,'080908','西乌旗','101080910',49),
(349,'080909','太仆寺','101080911',49),
(350,'080910','镶黄旗','101080912',49),
(351,'080911','正镶白旗','101080913',49),
(352,'080912','正蓝旗','101080914',49),
(353,'080913','多伦','101080915',49),
(354,'080914','博克图','101080916',49),
(355,'080915','乌拉盖','101080917',49),
(356,'081001','海拉尔','101081001',50),
(357,'081002','小二沟','101081002',50),
(358,'081003','阿荣旗','101081003',50),
(359,'081004','莫力达瓦','101081004',50),
(360,'081005','鄂伦春旗','101081005',50),
(361,'081006','鄂温克旗','101081006',50),
(362,'081007','陈旗','101081007',50),
(363,'081008','新左旗','101081008',50),
(364,'081009','新右旗','101081009',50),
(365,'081010','满洲里','101081010',50),
(366,'081011','牙克石','101081011',50),
(367,'081012','扎兰屯','101081012',50),
(368,'081013','额尔古纳','101081014',50),
(369,'081014','根河','101081015',50),
(370,'081015','图里河','101081016',50),
(371,'081101','高力板','101080510',51),
(372,'081102','乌兰浩特','101081101',51),
(373,'081103','阿尔山','101081102',51),
(374,'081104','科右中旗','101081103',51),
(375,'081105','胡尔勒','101081104',51),
(376,'081106','扎赉特','101081105',51),
(377,'081107','索伦','101081106',51),
(378,'081108','突泉','101081107',51),
(379,'081109','科右前旗','101081109',51),
(380,'081201','阿左旗','101081201',52),
(381,'081202','阿右旗','101081202',52),
(382,'081203','额济纳','101081203',52),
(383,'081204','拐子湖','101081204',52),
(384,'081205','吉兰太','101081205',52),
(385,'081206','锡林高勒','101081206',52),
(386,'081207','头道湖','101081207',52),
(387,'081208','中泉子','101081208',52),
(388,'081209','诺尔公','101081209',52),
(389,'081210','雅布赖','101081210',52),
(390,'081211','乌斯泰','101081211',52),
(391,'081212','孪井滩','101081212',52),
(392,'090101','石家庄','101090101',53),
(393,'090102','井陉','101090102',53),
(394,'090103','正定','101090103',53),
(395,'090104','栾城','101090104',53),
(396,'090105','行唐','101090105',53),
(397,'090106','灵寿','101090106',53),
(398,'090107','高邑','101090107',53),
(399,'090108','深泽','101090108',53),
(400,'090109','赞皇','101090109',53),
(401,'090110','无极','101090110',53),
(402,'090111','平山','101090111',53),
(403,'090112','元氏','101090112',53),
(404,'090113','赵县','101090113',53),
(405,'090114','辛集','101090114',53),
(406,'090115','藁城','101090115',53),
(407,'090116','晋州','101090116',53),
(408,'090117','新乐','101090117',53),
(409,'090118','鹿泉','101090118',53),
(410,'090201','保定','101090201',54),
(411,'090202','满城','101090202',54),
(412,'090203','阜平','101090203',54),
(413,'090204','徐水','101090204',54),
(414,'090205','唐县','101090205',54),
(415,'090206','高阳','101090206',54),
(416,'090207','容城','101090207',54),
(417,'090208','涞源','101090209',54),
(418,'090209','望都','101090210',54),
(419,'090210','安新','101090211',54),
(420,'090211','易县','101090212',54),
(421,'090212','曲阳','101090214',54),
(422,'090213','蠡县','101090215',54),
(423,'090214','顺平','101090216',54),
(424,'090215','雄县','101090217',54),
(425,'090216','涿州','101090218',54),
(426,'090217','定州','101090219',54),
(427,'090218','安国','101090220',54),
(428,'090219','高碑店','101090221',54),
(429,'090220','涞水','101090222',54),
(430,'090221','定兴','101090223',54),
(431,'090222','清苑','101090224',54),
(432,'090223','博野','101090225',54),
(433,'090301','张家口','101090301',55),
(434,'090302','宣化','101090302',55),
(435,'090303','张北','101090303',55),
(436,'090304','康保','101090304',55),
(437,'090305','沽源','101090305',55),
(438,'090306','尚义','101090306',55),
(439,'090307','蔚县','101090307',55),
(440,'090308','阳原','101090308',55),
(441,'090309','怀安','101090309',55),
(442,'090310','万全','101090310',55),
(443,'090311','怀来','101090311',55),
(444,'090312','涿鹿','101090312',55),
(445,'090313','赤城','101090313',55),
(446,'090314','崇礼','101090314',55),
(447,'090401','承德','101090402',56),
(448,'090402','承德县','101090403',56),
(449,'090403','兴隆','101090404',56),
(450,'090404','平泉','101090405',56),
(451,'090405','滦平','101090406',56),
(452,'090406','隆化','101090407',56),
(453,'090407','丰宁','101090408',56),
(454,'090408','宽城','101090409',56),
(455,'090409','围场','101090410',56),
(456,'090501','唐山','101090501',57),
(457,'090502','丰南','101090502',57),
(458,'090503','丰润','101090503',57),
(459,'090504','滦县','101090504',57),
(460,'090505','滦南','101090505',57),
(461,'090506','乐亭','101090506',57),
(462,'090507','迁西','101090507',57),
(463,'090508','玉田','101090508',57),
(464,'090509','唐海','101090509',57),
(465,'090510','遵化','101090510',57),
(466,'090511','迁安','101090511',57),
(467,'090512','曹妃甸','101090512',57),
(468,'090601','廊坊','101090601',58),
(469,'090602','固安','101090602',58),
(470,'090603','永清','101090603',58),
(471,'090604','香河','101090604',58),
(472,'090605','大城','101090605',58),
(473,'090606','文安','101090606',58),
(474,'090607','大厂','101090607',58),
(475,'090608','霸州','101090608',58),
(476,'090609','三河','101090609',58),
(477,'090701','沧州','101090701',59),
(478,'090702','青县','101090702',59),
(479,'090703','东光','101090703',59),
(480,'090704','海兴','101090704',59),
(481,'090705','盐山','101090705',59),
(482,'090706','肃宁','101090706',59),
(483,'090707','南皮','101090707',59),
(484,'090708','吴桥','101090708',59),
(485,'090709','献县','101090709',59),
(486,'090710','孟村','101090710',59),
(487,'090711','泊头','101090711',59),
(488,'090712','任丘','101090712',59),
(489,'090713','黄骅','101090713',59),
(490,'090714','河间','101090714',59),
(491,'090715','沧县','101090716',59),
(492,'090801','衡水','101090801',60),
(493,'090802','枣强','101090802',60),
(494,'090803','武邑','101090803',60),
(495,'090804','武强','101090804',60),
(496,'090805','饶阳','101090805',60),
(497,'090806','安平','101090806',60),
(498,'090807','故城','101090807',60),
(499,'090808','景县','101090808',60),
(500,'090809','阜城','101090809',60),
(501,'090810','冀州','101090810',60),
(502,'090811','深州','101090811',60),
(503,'090901','邢台','101090901',61),
(504,'090902','临城','101090902',61),
(505,'090903','内丘','101090904',61),
(506,'090904','柏乡','101090905',61),
(507,'090905','隆尧','101090906',61),
(508,'090906','南和','101090907',61),
(509,'090907','宁晋','101090908',61),
(510,'090908','巨鹿','101090909',61),
(511,'090909','新河','101090910',61),
(512,'090910','广宗','101090911',61),
(513,'090911','平乡','101090912',61),
(514,'090912','威县','101090913',61),
(515,'090913','清河','101090914',61),
(516,'090914','临西','101090915',61),
(517,'090915','南宫','101090916',61),
(518,'090916','沙河','101090917',61),
(519,'090917','任县','101090918',61),
(520,'091001','邯郸','101091001',62),
(521,'091002','峰峰','101091002',62),
(522,'091003','临漳','101091003',62),
(523,'091004','成安','101091004',62),
(524,'091005','大名','101091005',62),
(525,'091006','涉县','101091006',62),
(526,'091007','磁县','101091007',62),
(527,'091008','肥乡','101091008',62),
(528,'091009','永年','101091009',62),
(529,'091010','邱县','101091010',62),
(530,'091011','鸡泽','101091011',62),
(531,'091012','广平','101091012',62),
(532,'091013','馆陶','101091013',62),
(533,'091014','魏县','101091014',62),
(534,'091015','曲周','101091015',62),
(535,'091016','武安','101091016',62),
(536,'091101','秦皇岛','101091101',63),
(537,'091102','青龙','101091102',63),
(538,'091103','昌黎','101091103',63),
(539,'091104','抚宁','101091104',63),
(540,'091105','卢龙','101091105',63),
(541,'091106','北戴河','101091106',63),
(542,'100101','太原','101100101',64),
(543,'100102','清徐','101100102',64),
(544,'100103','阳曲','101100103',64),
(545,'100104','娄烦','101100104',64),
(546,'100105','古交','101100105',64),
(547,'100106','尖草坪区','101100106',64),
(548,'100107','小店区','101100107',64),
(549,'100201','大同','101100201',65),
(550,'100202','阳高','101100202',65),
(551,'100203','大同县','101100203',65),
(552,'100204','天镇','101100204',65),
(553,'100205','广灵','101100205',65),
(554,'100206','灵丘','101100206',65),
(555,'100207','浑源','101100207',65),
(556,'100208','左云','101100208',65),
(557,'100301','阳泉','101100301',66),
(558,'100302','盂县','101100302',66),
(559,'100303','平定','101100303',66),
(560,'100401','晋中','101100401',67),
(561,'100402','榆次','101100402',67),
(562,'100403','榆社','101100403',67),
(563,'100404','左权','101100404',67),
(564,'100405','和顺','101100405',67),
(565,'100406','昔阳','101100406',67),
(566,'100407','寿阳','101100407',67),
(567,'100408','太谷','101100408',67),
(568,'100409','祁县','101100409',67),
(569,'100410','平遥','101100410',67),
(570,'100411','灵石','101100411',67),
(571,'100412','介休','101100412',67),
(572,'100501','长治','101100501',68),
(573,'100502','黎城','101100502',68),
(574,'100503','屯留','101100503',68),
(575,'100504','潞城','101100504',68),
(576,'100505','襄垣','101100505',68),
(577,'100506','平顺','101100506',68),
(578,'100507','武乡','101100507',68),
(579,'100508','沁县','101100508',68),
(580,'100509','长子','101100509',68),
(581,'100510','沁源','101100510',68),
(582,'100511','壶关','101100511',68),
(583,'100601','晋城','101100601',69),
(584,'100602','沁水','101100602',69),
(585,'100603','阳城','101100603',69),
(586,'100604','陵川','101100604',69),
(587,'100605','高平','101100605',69),
(588,'100606','泽州','101100606',69),
(589,'100701','临汾','101100701',70),
(590,'100702','曲沃','101100702',70),
(591,'100703','永和','101100703',70),
(592,'100704','隰县','101100704',70),
(593,'100705','大宁','101100705',70),
(594,'100706','吉县','101100706',70),
(595,'100707','襄汾','101100707',70),
(596,'100708','蒲县','101100708',70),
(597,'100709','汾西','101100709',70),
(598,'100710','洪洞','101100710',70),
(599,'100711','霍州','101100711',70),
(600,'100712','乡宁','101100712',70),
(601,'100713','翼城','101100713',70),
(602,'100714','侯马','101100714',70),
(603,'100715','浮山','101100715',70),
(604,'100716','安泽','101100716',70),
(605,'100717','古县','101100717',70),
(606,'100801','运城','101100801',71),
(607,'100802','临猗','101100802',71),
(608,'100803','稷山','101100803',71),
(609,'100804','万荣','101100804',71),
(610,'100805','河津','101100805',71),
(611,'100806','新绛','101100806',71),
(612,'100807','绛县','101100807',71),
(613,'100808','闻喜','101100808',71),
(614,'100809','垣曲','101100809',71),
(615,'100810','永济','101100810',71),
(616,'100811','芮城','101100811',71),
(617,'100812','夏县','101100812',71),
(618,'100813','平陆','101100813',71),
(619,'100901','朔州','101100901',72),
(620,'100902','平鲁','101100902',72),
(621,'100903','山阴','101100903',72),
(622,'100904','右玉','101100904',72),
(623,'100905','应县','101100905',72),
(624,'100906','怀仁','101100906',72),
(625,'101001','忻州','101101001',73),
(626,'101002','定襄','101101002',73),
(627,'101003','五台县','101101003',73),
(628,'101004','河曲','101101004',73),
(629,'101005','偏关','101101005',73),
(630,'101006','神池','101101006',73),
(631,'101007','宁武','101101007',73),
(632,'101008','代县','101101008',73),
(633,'101009','繁峙','101101009',73),
(634,'101010','五台山','101101010',73),
(635,'101011','保德','101101011',73),
(636,'101012','静乐','101101012',73),
(637,'101013','岢岚','101101013',73),
(638,'101014','五寨','101101014',73),
(639,'101015','原平','101101015',73),
(640,'101101','吕梁','101101100',74),
(641,'101102','离石','101101101',74),
(642,'101103','临县','101101102',74),
(643,'101104','兴县','101101103',74),
(644,'101105','岚县','101101104',74),
(645,'101106','柳林','101101105',74),
(646,'101107','石楼','101101106',74),
(647,'101108','方山','101101107',74),
(648,'101109','交口','101101108',74),
(649,'101110','中阳','101101109',74),
(650,'101111','孝义','101101110',74),
(651,'101112','汾阳','101101111',74),
(652,'101113','文水','101101112',74),
(653,'101114','交城','101101113',74),
(654,'110101','西安','101110101',75),
(655,'110102','长安','101110102',75),
(656,'110103','临潼','101110103',75),
(657,'110104','蓝田','101110104',75),
(658,'110105','周至','101110105',75),
(659,'110106','户县','101110106',75),
(660,'110107','高陵','101110107',75),
(661,'110201','咸阳','101110200',76),
(662,'110202','三原','101110201',76),
(663,'110203','礼泉','101110202',76),
(664,'110204','永寿','101110203',76),
(665,'110205','淳化','101110204',76),
(666,'110206','泾阳','101110205',76),
(667,'110207','武功','101110206',76),
(668,'110208','乾县','101110207',76),
(669,'110209','彬县','101110208',76),
(670,'110210','长武','101110209',76),
(671,'110211','旬邑','101110210',76),
(672,'110212','兴平','101110211',76),
(673,'110301','延安','101110300',77),
(674,'110302','延长','101110301',77),
(675,'110303','延川','101110302',77),
(676,'110304','子长','101110303',77),
(677,'110305','宜川','101110304',77),
(678,'110306','富县','101110305',77),
(679,'110307','志丹','101110306',77),
(680,'110308','安塞','101110307',77),
(681,'110309','甘泉','101110308',77),
(682,'110310','洛川','101110309',77),
(683,'110311','黄陵','101110310',77),
(684,'110312','黄龙','101110311',77),
(685,'110313','吴起','101110312',77),
(686,'110401','榆林','101110401',78),
(687,'110402','府谷','101110402',78),
(688,'110403','神木','101110403',78),
(689,'110404','佳县','101110404',78),
(690,'110405','定边','101110405',78),
(691,'110406','靖边','101110406',78),
(692,'110407','横山','101110407',78),
(693,'110408','米脂','101110408',78),
(694,'110409','子洲','101110409',78),
(695,'110410','绥德','101110410',78),
(696,'110411','吴堡','101110411',78),
(697,'110412','清涧','101110412',78),
(698,'110413','榆阳','101110413',78),
(699,'110501','渭南','101110501',79),
(700,'110502','华县','101110502',79),
(701,'110503','潼关','101110503',79),
(702,'110504','大荔','101110504',79),
(703,'110505','白水','101110505',79),
(704,'110506','富平','101110506',79),
(705,'110507','蒲城','101110507',79),
(706,'110508','澄城','101110508',79),
(707,'110509','合阳','101110509',79),
(708,'110510','韩城','101110510',79),
(709,'110511','华阴','101110511',79),
(710,'110601','商洛','101110601',80),
(711,'110602','洛南','101110602',80),
(712,'110603','柞水','101110603',80),
(713,'110604','商州','101110604',80),
(714,'110605','镇安','101110605',80),
(715,'110606','丹凤','101110606',80),
(716,'110607','商南','101110607',80),
(717,'110608','山阳','101110608',80),
(718,'110701','安康','101110701',81),
(719,'110702','紫阳','101110702',81),
(720,'110703','石泉','101110703',81),
(721,'110704','汉阴','101110704',81),
(722,'110705','旬阳','101110705',81),
(723,'110706','岚皋','101110706',81),
(724,'110707','平利','101110707',81),
(725,'110708','白河','101110708',81),
(726,'110709','镇坪','101110709',81),
(727,'110710','宁陕','101110710',81),
(728,'110801','汉中','101110801',82),
(729,'110802','略阳','101110802',82),
(730,'110803','勉县','101110803',82),
(731,'110804','留坝','101110804',82),
(732,'110805','洋县','101110805',82),
(733,'110806','城固','101110806',82),
(734,'110807','西乡','101110807',82),
(735,'110808','佛坪','101110808',82),
(736,'110809','宁强','101110809',82),
(737,'110810','南郑','101110810',82),
(738,'110811','镇巴','101110811',82),
(739,'110901','宝鸡','101110901',83),
(740,'110902','千阳','101110903',83),
(741,'110903','麟游','101110904',83),
(742,'110904','岐山','101110905',83),
(743,'110905','凤翔','101110906',83),
(744,'110906','扶风','101110907',83),
(745,'110907','眉县','101110908',83),
(746,'110908','太白','101110909',83),
(747,'110909','凤县','101110910',83),
(748,'110910','陇县','101110911',83),
(749,'110911','陈仓','101110912',83),
(750,'111001','铜川','101111001',84),
(751,'111002','耀县','101111002',84),
(752,'111003','宜君','101111003',84),
(753,'111004','耀州','101111004',84),
(754,'111101','杨凌','101111101',85),
(755,'120101','济南','101120101',86),
(756,'120102','长清','101120102',86),
(757,'120103','商河','101120103',86),
(758,'120104','章丘','101120104',86),
(759,'120105','平阴','101120105',86),
(760,'120106','济阳','101120106',86),
(761,'120201','青岛','101120201',87),
(762,'120202','崂山','101120202',87),
(763,'120203','即墨','101120204',87),
(764,'120204','胶州','101120205',87),
(765,'120205','胶南','101120206',87),
(766,'120206','莱西','101120207',87),
(767,'120207','平度','101120208',87),
(768,'120301','淄博','101120301',88),
(769,'120302','淄川','101120302',88),
(770,'120303','博山','101120303',88),
(771,'120304','高青','101120304',88),
(772,'120305','周村','101120305',88),
(773,'120306','沂源','101120306',88),
(774,'120307','桓台','101120307',88),
(775,'120308','临淄','101120308',88),
(776,'120401','德州','101120401',89),
(777,'120402','武城','101120402',89),
(778,'120403','临邑','101120403',89),
(779,'120404','陵县','101120404',89),
(780,'120405','齐河','101120405',89),
(781,'120406','乐陵','101120406',89),
(782,'120407','庆云','101120407',89),
(783,'120408','平原','101120408',89),
(784,'120409','宁津','101120409',89),
(785,'120410','夏津','101120410',89),
(786,'120411','禹城','101120411',89),
(787,'120501','烟台','101120501',90),
(788,'120502','莱州','101120502',90),
(789,'120503','长岛','101120503',90),
(790,'120504','蓬莱','101120504',90),
(791,'120505','龙口','101120505',90),
(792,'120506','招远','101120506',90),
(793,'120507','栖霞','101120507',90),
(794,'120508','福山','101120508',90),
(795,'120509','牟平','101120509',90),
(796,'120510','莱阳','101120510',90),
(797,'120511','海阳','101120511',90),
(798,'120601','潍坊','101120601',91),
(799,'120602','青州','101120602',91),
(800,'120603','寿光','101120603',91),
(801,'120604','临朐','101120604',91),
(802,'120605','昌乐','101120605',91),
(803,'120606','昌邑','101120606',91),
(804,'120607','安丘','101120607',91),
(805,'120608','高密','101120608',91),
(806,'120609','诸城','101120609',91),
(807,'120701','济宁','101120701',92),
(808,'120702','嘉祥','101120702',92),
(809,'120703','微山','101120703',92),
(810,'120704','鱼台','101120704',92),
(811,'120705','兖州','101120705',92),
(812,'120706','金乡','101120706',92),
(813,'120707','汶上','101120707',92),
(814,'120708','泗水','101120708',92),
(815,'120709','梁山','101120709',92),
(816,'120710','曲阜','101120710',92),
(817,'120711','邹城','101120711',92),
(818,'120801','泰安','101120801',93),
(819,'120802','新泰','101120802',93),
(820,'120803','肥城','101120804',93),
(821,'120804','东平','101120805',93),
(822,'120805','宁阳','101120806',93),
(823,'120901','临沂','101120901',94),
(824,'120902','莒南','101120902',94),
(825,'120903','沂南','101120903',94),
(826,'120904','苍山','101120904',94),
(827,'120905','临沭','101120905',94),
(828,'120906','郯城','101120906',94),
(829,'120907','蒙阴','101120907',94),
(830,'120908','平邑','101120908',94),
(831,'120909','费县','101120909',94),
(832,'120910','沂水','101120910',94),
(833,'121001','菏泽','101121001',95),
(834,'121002','鄄城','101121002',95),
(835,'121003','郓城','101121003',95),
(836,'121004','东明','101121004',95),
(837,'121005','定陶','101121005',95),
(838,'121006','巨野','101121006',95),
(839,'121007','曹县','101121007',95),
(840,'121008','成武','101121008',95),
(841,'121009','单县','101121009',95),
(842,'121101','滨州','101121101',96),
(843,'121102','博兴','101121102',96),
(844,'121103','无棣','101121103',96),
(845,'121104','阳信','101121104',96),
(846,'121105','惠民','101121105',96),
(847,'121106','沾化','101121106',96),
(848,'121107','邹平','101121107',96),
(849,'121201','东营','101121201',97),
(850,'121202','河口','101121202',97),
(851,'121203','垦利','101121203',97),
(852,'121204','利津','101121204',97),
(853,'121205','广饶','101121205',97),
(854,'121301','威海','101121301',98),
(855,'121302','文登','101121302',98),
(856,'121303','荣成','101121303',98),
(857,'121304','乳山','101121304',98),
(858,'121305','成山头','101121305',98),
(859,'121306','石岛','101121306',98),
(860,'121401','枣庄','101121401',99),
(861,'121402','薛城','101121402',99),
(862,'121403','峄城','101121403',99),
(863,'121404','台儿庄','101121404',99),
(864,'121405','滕州','101121405',99),
(865,'121501','日照','101121501',100),
(866,'121502','五莲','101121502',100),
(867,'121503','莒县','101121503',100),
(868,'121601','莱芜','101121601',101),
(869,'121701','聊城','101121701',102),
(870,'121702','冠县','101121702',102),
(871,'121703','阳谷','101121703',102),
(872,'121704','高唐','101121704',102),
(873,'121705','茌平','101121705',102),
(874,'121706','东阿','101121706',102),
(875,'121707','临清','101121707',102),
(876,'121708','莘县','101121709',102),
(877,'130101','乌鲁木齐','101130101',103),
(878,'130102','小渠子','101130103',103),
(879,'130103','达坂城','101130105',103),
(880,'130104','乌鲁木齐牧试站','101130108',103),
(881,'130105','天池','101130109',103),
(882,'130106','白杨沟','101130110',103),
(883,'130201','克拉玛依','101130201',104),
(884,'130202','乌尔禾','101130202',104),
(885,'130203','白碱滩','101130203',104),
(886,'130301','石河子','101130301',105),
(887,'130302','炮台','101130302',105),
(888,'130303','莫索湾','101130303',105),
(889,'130401','昌吉','101130401',106),
(890,'130402','呼图壁','101130402',106),
(891,'130403','米泉','101130403',106),
(892,'130404','阜康','101130404',106),
(893,'130405','吉木萨尔','101130405',106),
(894,'130406','奇台','101130406',106),
(895,'130407','玛纳斯','101130407',106),
(896,'130408','木垒','101130408',106),
(897,'130409','蔡家湖','101130409',106),
(898,'130501','吐鲁番','101130501',107),
(899,'130502','托克逊','101130502',107),
(900,'130503','鄯善','101130504',107),
(901,'130601','库尔勒','101130601',108),
(902,'130602','轮台','101130602',108),
(903,'130603','尉犁','101130603',108),
(904,'130604','若羌','101130604',108),
(905,'130605','且末','101130605',108),
(906,'130606','和静','101130606',108),
(907,'130607','焉耆','101130607',108),
(908,'130608','和硕','101130608',108),
(909,'130609','巴音布鲁克','101130610',108),
(910,'130610','铁干里克','101130611',108),
(911,'130611','博湖','101130612',108),
(912,'130612','塔中','101130613',108),
(913,'130613','巴仑台','101130614',108),
(914,'130701','阿拉尔','101130701',109),
(915,'130801','阿克苏','101130801',110),
(916,'130802','乌什','101130802',110),
(917,'130803','温宿','101130803',110),
(918,'130804','拜城','101130804',110),
(919,'130805','新和','101130805',110),
(920,'130806','沙雅','101130806',110),
(921,'130807','库车','101130807',110),
(922,'130808','柯坪','101130808',110),
(923,'130809','阿瓦提','101130809',110),
(924,'130901','喀什','101130901',111),
(925,'130902','英吉沙','101130902',111),
(926,'130903','塔什库尔干','101130903',111),
(927,'130904','麦盖提','101130904',111),
(928,'130905','莎车','101130905',111),
(929,'130906','叶城','101130906',111),
(930,'130907','泽普','101130907',111),
(931,'130908','巴楚','101130908',111),
(932,'130909','岳普湖','101130909',111),
(933,'130910','伽师','101130910',111),
(934,'130911','疏附','101130911',111),
(935,'130912','疏勒','101130912',111),
(936,'131001','伊宁','101131001',112),
(937,'131002','察布查尔','101131002',112),
(938,'131003','尼勒克','101131003',112),
(939,'131004','伊宁县','101131004',112),
(940,'131005','巩留','101131005',112),
(941,'131006','新源','101131006',112),
(942,'131007','昭苏','101131007',112),
(943,'131008','特克斯','101131008',112),
(944,'131009','霍城','101131009',112),
(945,'131010','霍尔果斯','101131010',112),
(946,'131011','奎屯','101131011',112),
(947,'131101','塔城','101131101',113),
(948,'131102','裕民','101131102',113),
(949,'131103','额敏','101131103',113),
(950,'131104','和布克赛尔','101131104',113),
(951,'131105','托里','101131105',113),
(952,'131106','乌苏','101131106',113),
(953,'131107','沙湾','101131107',113),
(954,'131201','哈密','101131201',114),
(955,'131202','巴里坤','101131203',114),
(956,'131203','伊吾','101131204',114),
(957,'131301','和田','101131301',115),
(958,'131302','皮山','101131302',115),
(959,'131303','策勒','101131303',115),
(960,'131304','墨玉','101131304',115),
(961,'131305','洛浦','101131305',115),
(962,'131306','民丰','101131306',115),
(963,'131307','于田','101131307',115),
(964,'131401','阿勒泰','101131401',116),
(965,'131402','哈巴河','101131402',116),
(966,'131403','吉木乃','101131405',116),
(967,'131404','布尔津','101131406',116),
(968,'131405','福海','101131407',116),
(969,'131406','富蕴','101131408',116),
(970,'131407','青河','101131409',116),
(971,'131501','阿图什','101131501',117),
(972,'131502','乌恰','101131502',117),
(973,'131503','阿克陶','101131503',117),
(974,'131504','阿合奇','101131504',117),
(975,'131601','博乐','101131601',118),
(976,'131602','温泉','101131602',118),
(977,'131603','精河','101131603',118),
(978,'131604','阿拉山口','101131606',118),
(979,'140101','拉萨','101140101',119),
(980,'140102','当雄','101140102',119),
(981,'140103','尼木','101140103',119),
(982,'140104','林周','101140104',119),
(983,'140105','堆龙德庆','101140105',119),
(984,'140106','曲水','101140106',119),
(985,'140107','达孜','101140107',119),
(986,'140108','墨竹工卡','101140108',119),
(987,'140201','日喀则','101140201',120),
(988,'140202','拉孜','101140202',120),
(989,'140203','南木林','101140203',120),
(990,'140204','聂拉木','101140204',120),
(991,'140205','定日','101140205',120),
(992,'140206','江孜','101140206',120),
(993,'140207','帕里','101140207',120),
(994,'140208','仲巴','101140208',120),
(995,'140209','萨嘎','101140209',120),
(996,'140210','吉隆','101140210',120),
(997,'140211','昂仁','101140211',120),
(998,'140212','定结','101140212',120),
(999,'140213','萨迦','101140213',120),
(1000,'140214','谢通门','101140214',120),
(1001,'140215','岗巴','101140216',120),
(1002,'140216','白朗','101140217',120),
(1003,'140217','亚东','101140218',120),
(1004,'140218','康马','101140219',120),
(1005,'140219','仁布','101140220',120),
(1006,'140301','山南','101140301',121),
(1007,'140302','贡嘎','101140302',121),
(1008,'140303','扎囊','101140303',121),
(1009,'140304','加查','101140304',121),
(1010,'140305','浪卡子','101140305',121),
(1011,'140306','错那','101140306',121),
(1012,'140307','隆子','101140307',121),
(1013,'140308','泽当','101140308',121),
(1014,'140309','乃东','101140309',121),
(1015,'140310','桑日','101140310',121),
(1016,'140311','洛扎','101140311',121),
(1017,'140312','措美','101140312',121),
(1018,'140313','琼结','101140313',121),
(1019,'140314','曲松','101140314',121),
(1020,'140401','林芝','101140401',122),
(1021,'140402','波密','101140402',122),
(1022,'140403','米林','101140403',122),
(1023,'140404','察隅','101140404',122),
(1024,'140405','工布江达','101140405',122),
(1025,'140406','朗县','101140406',122),
(1026,'140407','墨脱','101140407',122),
(1027,'140501','昌都','101140501',123),
(1028,'140502','丁青','101140502',123),
(1029,'140503','边坝','101140503',123),
(1030,'140504','洛隆','101140504',123),
(1031,'140505','左贡','101140505',123),
(1032,'140506','芒康','101140506',123),
(1033,'140507','类乌齐','101140507',123),
(1034,'140508','八宿','101140508',123),
(1035,'140509','江达','101140509',123),
(1036,'140510','察雅','101140510',123),
(1037,'140511','贡觉','101140511',123),
(1038,'140601','那曲','101140601',124),
(1039,'140602','尼玛','101140602',124),
(1040,'140603','嘉黎','101140603',124),
(1041,'140604','班戈','101140604',124),
(1042,'140605','安多','101140605',124),
(1043,'140606','索县','101140606',124),
(1044,'140607','聂荣','101140607',124),
(1045,'140608','巴青','101140608',124),
(1046,'140609','比如','101140609',124),
(1047,'140610','双湖','101140610',124),
(1048,'140701','阿里','101140701',125),
(1049,'140702','改则','101140702',125),
(1050,'140703','申扎','101140703',125),
(1051,'140704','狮泉河','101140704',125),
(1052,'140705','普兰','101140705',125),
(1053,'140706','札达','101140706',125),
(1054,'140707','噶尔','101140707',125),
(1055,'140708','日土','101140708',125),
(1056,'140709','革吉','101140709',125),
(1057,'140710','措勤','101140710',125),
(1058,'150101','西宁','101150101',126),
(1059,'150102','大通','101150102',126),
(1060,'150103','湟源','101150103',126),
(1061,'150104','湟中','101150104',126),
(1062,'150201','海东','101150201',127),
(1063,'150202','乐都','101150202',127),
(1064,'150203','民和','101150203',127),
(1065,'150204','互助','101150204',127),
(1066,'150205','化隆','101150205',127),
(1067,'150206','循化','101150206',127),
(1068,'150207','冷湖','101150207',127),
(1069,'150208','平安','101150208',127),
(1070,'150301','黄南','101150301',128),
(1071,'150302','尖扎','101150302',128),
(1072,'150303','泽库','101150303',128),
(1073,'150304','河南','101150304',128),
(1074,'150305','同仁','101150305',128),
(1075,'150401','海南','101150401',129),
(1076,'150402','贵德','101150404',129),
(1077,'150403','兴海','101150406',129),
(1078,'150404','贵南','101150407',129),
(1079,'150405','同德','101150408',129),
(1080,'150406','共和','101150409',129),
(1081,'150501','果洛','101150501',130),
(1082,'150502','班玛','101150502',130),
(1083,'150503','甘德','101150503',130),
(1084,'150504','达日','101150504',130),
(1085,'150505','久治','101150505',130),
(1086,'150506','玛多','101150506',130),
(1087,'150507','多县','101150507',130),
(1088,'150508','玛沁','101150508',130),
(1089,'150601','玉树','101150601',131),
(1090,'150602','称多','101150602',131),
(1091,'150603','治多','101150603',131),
(1092,'150604','杂多','101150604',131),
(1093,'150605','囊谦','101150605',131),
(1094,'150606','曲麻莱','101150606',131),
(1095,'150701','海西','101150701',132),
(1096,'150702','天峻','101150708',132),
(1097,'150703','乌兰','101150709',132),
(1098,'150704','茫崖','101150712',132),
(1099,'150705','大柴旦','101150713',132),
(1100,'150706','德令哈','101150716',132),
(1101,'150801','海北','101150801',133),
(1102,'150802','门源','101150802',133),
(1103,'150803','祁连','101150803',133),
(1104,'150804','海晏','101150804',133),
(1105,'150805','刚察','101150806',133),
(1106,'150901','格尔木','101150901',134),
(1107,'150902','都兰','101150902',134),
(1108,'160101','兰州','101160101',135),
(1109,'160102','皋兰','101160102',135),
(1110,'160103','永登','101160103',135),
(1111,'160104','榆中','101160104',135),
(1112,'160201','定西','101160201',136),
(1113,'160202','通渭','101160202',136),
(1114,'160203','陇西','101160203',136),
(1115,'160204','渭源','101160204',136),
(1116,'160205','临洮','101160205',136),
(1117,'160206','漳县','101160206',136),
(1118,'160207','岷县','101160207',136),
(1119,'160208','安定','101160208',136),
(1120,'160301','平凉','101160301',137),
(1121,'160302','泾川','101160302',137),
(1122,'160303','灵台','101160303',137),
(1123,'160304','崇信','101160304',137),
(1124,'160305','华亭','101160305',137),
(1125,'160306','庄浪','101160306',137),
(1126,'160307','静宁','101160307',137),
(1127,'160308','崆峒','101160308',137),
(1128,'160401','西峰','101160401',138),
(1129,'160402','环县','101160403',138),
(1130,'160403','华池','101160404',138),
(1131,'160404','合水','101160405',138),
(1132,'160405','正宁','101160406',138),
(1133,'160406','宁县','101160407',138),
(1134,'160407','镇原','101160408',138),
(1135,'160408','庆城','101160409',138),
(1136,'160501','武威','101160501',139),
(1137,'160502','民勤','101160502',139),
(1138,'160503','古浪','101160503',139),
(1139,'160504','天祝','101160505',139),
(1140,'160601','金昌','101160601',140),
(1141,'160602','永昌','101160602',140),
(1142,'160701','张掖','101160701',141),
(1143,'160702','肃南','101160702',141),
(1144,'160703','民乐','101160703',141),
(1145,'160704','临泽','101160704',141),
(1146,'160705','高台','101160705',141),
(1147,'160706','山丹','101160706',141),
(1148,'160801','酒泉','101160801',142),
(1149,'160802','金塔','101160803',142),
(1150,'160803','阿克塞','101160804',142),
(1151,'160804','瓜州','101160805',142),
(1152,'160805','肃北','101160806',142),
(1153,'160806','玉门','101160807',142),
(1154,'160807','敦煌','101160808',142),
(1155,'160901','天水','101160901',143),
(1156,'160902','清水','101160903',143),
(1157,'160903','秦安','101160904',143),
(1158,'160904','甘谷','101160905',143),
(1159,'160905','武山','101160906',143),
(1160,'160906','张家川','101160907',143),
(1161,'160907','麦积','101160908',143),
(1162,'161001','武都','101161001',144),
(1163,'161002','成县','101161002',144),
(1164,'161003','文县','101161003',144),
(1165,'161004','宕昌','101161004',144),
(1166,'161005','康县','101161005',144),
(1167,'161006','西和','101161006',144),
(1168,'161007','礼县','101161007',144),
(1169,'161008','徽县','101161008',144),
(1170,'161009','两当','101161009',144),
(1171,'161101','临夏','101161101',145),
(1172,'161102','康乐','101161102',145),
(1173,'161103','永靖','101161103',145),
(1174,'161104','广河','101161104',145),
(1175,'161105','和政','101161105',145),
(1176,'161106','东乡','101161106',145),
(1177,'161107','积石山','101161107',145),
(1178,'161201','合作','101161201',146),
(1179,'161202','临潭','101161202',146),
(1180,'161203','卓尼','101161203',146),
(1181,'161204','舟曲','101161204',146),
(1182,'161205','迭部','101161205',146),
(1183,'161206','玛曲','101161206',146),
(1184,'161207','碌曲','101161207',146),
(1185,'161208','夏河','101161208',146),
(1186,'161301','白银','101161301',147),
(1187,'161302','靖远','101161302',147),
(1188,'161303','会宁','101161303',147),
(1189,'161304','平川','101161304',147),
(1190,'161305','景泰','101161305',147),
(1191,'161401','嘉峪关','101161401',148),
(1192,'170101','银川','101170101',149),
(1193,'170102','永宁','101170102',149),
(1194,'170103','灵武','101170103',149),
(1195,'170104','贺兰','101170104',149),
(1196,'170201','石嘴山','101170201',150),
(1197,'170202','惠农','101170202',150),
(1198,'170203','平罗','101170203',150),
(1199,'170204','陶乐','101170204',150),
(1200,'170301','吴忠','101170301',151),
(1201,'170302','同心','101170302',151),
(1202,'170303','盐池','101170303',151),
(1203,'170304','青铜峡','101170306',151),
(1204,'170401','固原','101170401',152),
(1205,'170402','西吉','101170402',152),
(1206,'170403','隆德','101170403',152),
(1207,'170404','泾源','101170404',152),
(1208,'170405','彭阳','101170406',152),
(1209,'170501','中卫','101170501',153),
(1210,'170502','中宁','101170502',153),
(1211,'170503','海原','101170504',153),
(1212,'180101','郑州','101180101',154),
(1213,'180102','巩义','101180102',154),
(1214,'180103','荥阳','101180103',154),
(1215,'180104','登封','101180104',154),
(1216,'180105','新密','101180105',154),
(1217,'180106','新郑','101180106',154),
(1218,'180107','中牟','101180107',154),
(1219,'180108','上街','101180108',154),
(1220,'180201','安阳','101180201',155),
(1221,'180202','汤阴','101180202',155),
(1222,'180203','滑县','101180203',155),
(1223,'180204','内黄','101180204',155),
(1224,'180205','林州','101180205',155),
(1225,'180301','新乡','101180301',156),
(1226,'180302','获嘉','101180302',156),
(1227,'180303','原阳','101180303',156),
(1228,'180304','辉县','101180304',156),
(1229,'180305','卫辉','101180305',156),
(1230,'180306','延津','101180306',156),
(1231,'180307','封丘','101180307',156),
(1232,'180308','长垣','101180308',156),
(1233,'180401','许昌','101180401',157),
(1234,'180402','鄢陵','101180402',157),
(1235,'180403','襄城','101180403',157),
(1236,'180404','长葛','101180404',157),
(1237,'180405','禹州','101180405',157),
(1238,'180501','平顶山','101180501',158),
(1239,'180502','郏县','101180502',158),
(1240,'180503','宝丰','101180503',158),
(1241,'180504','汝州','101180504',158),
(1242,'180505','叶县','101180505',158),
(1243,'180506','舞钢','101180506',158),
(1244,'180507','鲁山','101180507',158),
(1245,'180508','石龙','101180508',158),
(1246,'180601','信阳','101180601',159),
(1247,'180602','息县','101180602',159),
(1248,'180603','罗山','101180603',159),
(1249,'180604','光山','101180604',159),
(1250,'180605','新县','101180605',159),
(1251,'180606','淮滨','101180606',159),
(1252,'180607','潢川','101180607',159),
(1253,'180608','固始','101180608',159),
(1254,'180609','商城','101180609',159),
(1255,'180701','南阳','101180701',160),
(1256,'180702','南召','101180702',160),
(1257,'180703','方城','101180703',160),
(1258,'180704','社旗','101180704',160),
(1259,'180705','西峡','101180705',160),
(1260,'180706','内乡','101180706',160),
(1261,'180707','镇平','101180707',160),
(1262,'180708','淅川','101180708',160),
(1263,'180709','新野','101180709',160),
(1264,'180710','唐河','101180710',160),
(1265,'180711','邓州','101180711',160),
(1266,'180712','桐柏','101180712',160),
(1267,'180801','开封','101180801',161),
(1268,'180802','杞县','101180802',161),
(1269,'180803','尉氏','101180803',161),
(1270,'180804','通许','101180804',161),
(1271,'180805','兰考','101180805',161),
(1272,'180901','洛阳','101180901',162),
(1273,'180902','新安','101180902',162),
(1274,'180903','孟津','101180903',162),
(1275,'180904','宜阳','101180904',162),
(1276,'180905','洛宁','101180905',162),
(1277,'180906','伊川','101180906',162),
(1278,'180907','嵩县','101180907',162),
(1279,'180908','偃师','101180908',162),
(1280,'180909','栾川','101180909',162),
(1281,'180910','汝阳','101180910',162),
(1282,'180911','吉利','101180911',162),
(1283,'181001','商丘','101181001',163),
(1284,'181002','睢县','101181003',163),
(1285,'181003','民权','101181004',163),
(1286,'181004','虞城','101181005',163),
(1287,'181005','柘城','101181006',163),
(1288,'181006','宁陵','101181007',163),
(1289,'181007','夏邑','101181008',163),
(1290,'181008','永城','101181009',163),
(1291,'181101','焦作','101181101',164),
(1292,'181102','修武','101181102',164),
(1293,'181103','武陟','101181103',164),
(1294,'181104','沁阳','101181104',164),
(1295,'181105','博爱','101181106',164),
(1296,'181106','温县','101181107',164),
(1297,'181107','孟州','101181108',164),
(1298,'181201','鹤壁','101181201',165),
(1299,'181202','浚县','101181202',165),
(1300,'181203','淇县','101181203',165),
(1301,'181301','濮阳','101181301',166),
(1302,'181302','台前','101181302',166),
(1303,'181303','南乐','101181303',166),
(1304,'181304','清丰','101181304',166),
(1305,'181305','范县','101181305',166),
(1306,'181401','周口','101181401',167),
(1307,'181402','扶沟','101181402',167),
(1308,'181403','太康','101181403',167),
(1309,'181404','淮阳','101181404',167),
(1310,'181405','西华','101181405',167),
(1311,'181406','商水','101181406',167),
(1312,'181407','项城','101181407',167),
(1313,'181408','郸城','101181408',167),
(1314,'181409','鹿邑','101181409',167),
(1315,'181410','沈丘','101181410',167),
(1316,'181501','漯河','101181501',168),
(1317,'181502','临颍','101181502',168),
(1318,'181503','舞阳','101181503',168),
(1319,'181601','驻马店','101181601',169),
(1320,'181602','西平','101181602',169),
(1321,'181603','遂平','101181603',169),
(1322,'181604','上蔡','101181604',169),
(1323,'181605','汝南','101181605',169),
(1324,'181606','泌阳','101181606',169),
(1325,'181607','平舆','101181607',169),
(1326,'181608','新蔡','101181608',169),
(1327,'181609','确山','101181609',169),
(1328,'181610','正阳','101181610',169),
(1329,'181701','三门峡','101181701',170),
(1330,'181702','灵宝','101181702',170),
(1331,'181703','渑池','101181703',170),
(1332,'181704','卢氏','101181704',170),
(1333,'181705','义马','101181705',170),
(1334,'181706','陕县','101181706',170),
(1335,'181801','济源','101181801',171),
(1336,'190101','南京','101190101',172),
(1337,'190102','溧水','101190102',172),
(1338,'190103','高淳','101190103',172),
(1339,'190104','江宁','101190104',172),
(1340,'190105','六合','101190105',172),
(1341,'190106','江浦','101190106',172),
(1342,'190107','浦口','101190107',172),
(1343,'190201','无锡','101190201',173),
(1344,'190202','江阴','101190202',173),
(1345,'190203','宜兴','101190203',173),
(1346,'190204','锡山','101190204',173),
(1347,'190301','镇江','101190301',174),
(1348,'190302','丹阳','101190302',174),
(1349,'190303','扬中','101190303',174),
(1350,'190304','句容','101190304',174),
(1351,'190305','丹徒','101190305',174),
(1352,'190401','苏州','101190401',175),
(1353,'190402','常熟','101190402',175),
(1354,'190403','张家港','101190403',175),
(1355,'190404','昆山','101190404',175),
(1356,'190405','吴中','101190405',175),
(1357,'190406','吴江','101190407',175),
(1358,'190407','太仓','101190408',175),
(1359,'190501','南通','101190501',176),
(1360,'190502','海安','101190502',176),
(1361,'190503','如皋','101190503',176),
(1362,'190504','如东','101190504',176),
(1363,'190505','启东','101190507',176),
(1364,'190506','海门','101190508',176),
(1365,'190507','通州','101190509',176),
(1366,'190601','扬州','101190601',177),
(1367,'190602','宝应','101190602',177),
(1368,'190603','仪征','101190603',177),
(1369,'190604','高邮','101190604',177),
(1370,'190605','江都','101190605',177),
(1371,'190606','邗江','101190606',177),
(1372,'190701','盐城','101190701',178),
(1373,'190702','响水','101190702',178),
(1374,'190703','滨海','101190703',178),
(1375,'190704','阜宁','101190704',178),
(1376,'190705','射阳','101190705',178),
(1377,'190706','建湖','101190706',178),
(1378,'190707','东台','101190707',178),
(1379,'190708','大丰','101190708',178),
(1380,'190709','盐都','101190709',178),
(1381,'190801','徐州','101190801',179),
(1382,'190802','铜山','101190802',179),
(1383,'190803','丰县','101190803',179),
(1384,'190804','沛县','101190804',179),
(1385,'190805','邳州','101190805',179),
(1386,'190806','睢宁','101190806',179),
(1387,'190807','新沂','101190807',179),
(1388,'190901','淮安','101190901',180),
(1389,'190902','金湖','101190902',180),
(1390,'190903','盱眙','101190903',180),
(1391,'190904','洪泽','101190904',180),
(1392,'190905','涟水','101190905',180),
(1393,'190906','淮阴区','101190906',180),
(1394,'190907','淮安区','101190908',180),
(1395,'191001','连云港','101191001',181),
(1396,'191002','东海','101191002',181),
(1397,'191003','赣榆','101191003',181),
(1398,'191004','灌云','101191004',181),
(1399,'191005','灌南','101191005',181),
(1400,'191101','常州','101191101',182),
(1401,'191102','溧阳','101191102',182),
(1402,'191103','金坛','101191103',182),
(1403,'191104','武进','101191104',182),
(1404,'191201','泰州','101191201',183),
(1405,'191202','兴化','101191202',183),
(1406,'191203','泰兴','101191203',183),
(1407,'191204','姜堰','101191204',183),
(1408,'191205','靖江','101191205',183),
(1409,'191301','宿迁','101191301',184),
(1410,'191302','沭阳','101191302',184),
(1411,'191303','泗阳','101191303',184),
(1412,'191304','泗洪','101191304',184),
(1413,'191305','宿豫','101191305',184),
(1414,'200101','武汉','101200101',185),
(1415,'200102','蔡甸','101200102',185),
(1416,'200103','黄陂','101200103',185),
(1417,'200104','新洲','101200104',185),
(1418,'200105','江夏','101200105',185),
(1419,'200106','东西湖','101200106',185),
(1420,'200201','襄阳','101200201',186),
(1421,'200202','襄州','101200202',186),
(1422,'200203','保康','101200203',186),
(1423,'200204','南漳','101200204',186),
(1424,'200205','宜城','101200205',186),
(1425,'200206','老河口','101200206',186),
(1426,'200207','谷城','101200207',186),
(1427,'200208','枣阳','101200208',186),
(1428,'200301','鄂州','101200301',187),
(1429,'200302','梁子湖','101200302',187),
(1430,'200401','孝感','101200401',188),
(1431,'200402','安陆','101200402',188),
(1432,'200403','云梦','101200403',188),
(1433,'200404','大悟','101200404',188),
(1434,'200405','应城','101200405',188),
(1435,'200406','汉川','101200406',188),
(1436,'200407','孝昌','101200407',188),
(1437,'200501','黄冈','101200501',189),
(1438,'200502','红安','101200502',189),
(1439,'200503','麻城','101200503',189),
(1440,'200504','罗田','101200504',189),
(1441,'200505','英山','101200505',189),
(1442,'200506','浠水','101200506',189),
(1443,'200507','蕲春','101200507',189),
(1444,'200508','黄梅','101200508',189),
(1445,'200509','武穴','101200509',189),
(1446,'200510','团风','101200510',189),
(1447,'200601','黄石','101200601',190),
(1448,'200602','大冶','101200602',190),
(1449,'200603','阳新','101200603',190),
(1450,'200604','铁山','101200604',190),
(1451,'200605','下陆','101200605',190),
(1452,'200606','西塞山','101200606',190),
(1453,'200701','咸宁','101200701',191),
(1454,'200702','赤壁','101200702',191),
(1455,'200703','嘉鱼','101200703',191),
(1456,'200704','崇阳','101200704',191),
(1457,'200705','通城','101200705',191),
(1458,'200706','通山','101200706',191),
(1459,'200801','荆州','101200801',192),
(1460,'200802','江陵','101200802',192),
(1461,'200803','公安','101200803',192),
(1462,'200804','石首','101200804',192),
(1463,'200805','监利','101200805',192),
(1464,'200806','洪湖','101200806',192),
(1465,'200807','松滋','101200807',192),
(1466,'200808','沙市','101201406',192),
(1467,'200901','宜昌','101200901',193),
(1468,'200902','远安','101200902',193),
(1469,'200903','秭归','101200903',193),
(1470,'200904','兴山','101200904',193),
(1471,'200905','五峰','101200906',193),
(1472,'200906','当阳','101200907',193),
(1473,'200907','长阳','101200908',193),
(1474,'200908','宜都','101200909',193),
(1475,'200909','枝江','101200910',193),
(1476,'200910','三峡','101200911',193),
(1477,'200911','夷陵','101200912',193),
(1478,'201001','恩施','101201001',194),
(1479,'201002','利川','101201002',194),
(1480,'201003','建始','101201003',194),
(1481,'201004','咸丰','101201004',194),
(1482,'201005','宣恩','101201005',194),
(1483,'201006','鹤峰','101201006',194),
(1484,'201007','来凤','101201007',194),
(1485,'201008','巴东','101201008',194),
(1486,'201101','十堰','101201101',195),
(1487,'201102','竹溪','101201102',195),
(1488,'201103','郧西','101201103',195),
(1489,'201104','郧县','101201104',195),
(1490,'201105','竹山','101201105',195),
(1491,'201106','房县','101201106',195),
(1492,'201107','丹江口','101201107',195),
(1493,'201108','茅箭','101201108',195),
(1494,'201109','张湾','101201109',195),
(1495,'201201','神农架','101201201',196),
(1496,'201301','随州','101201301',197),
(1497,'201302','广水','101201302',197),
(1498,'201401','荆门','101201401',198),
(1499,'201402','钟祥','101201402',198),
(1500,'201403','京山','101201403',198),
(1501,'201404','掇刀','101201404',198),
(1502,'201405','沙洋','101201405',198),
(1503,'201501','天门','101201501',199),
(1504,'201601','仙桃','101201601',200),
(1505,'201701','潜江','101201701',201),
(1506,'210101','杭州','101210101',202),
(1507,'210102','萧山','101210102',202),
(1508,'210103','桐庐','101210103',202),
(1509,'210104','淳安','101210104',202),
(1510,'210105','建德','101210105',202),
(1511,'210106','余杭','101210106',202),
(1512,'210107','临安','101210107',202),
(1513,'210108','富阳','101210108',202),
(1514,'210201','湖州','101210201',203),
(1515,'210202','长兴','101210202',203),
(1516,'210203','安吉','101210203',203),
(1517,'210204','德清','101210204',203),
(1518,'210301','嘉兴','101210301',204),
(1519,'210302','嘉善','101210302',204),
(1520,'210303','海宁','101210303',204),
(1521,'210304','桐乡','101210304',204),
(1522,'210305','平湖','101210305',204),
(1523,'210306','海盐','101210306',204),
(1524,'210401','宁波','101210401',205),
(1525,'210402','慈溪','101210403',205),
(1526,'210403','余姚','101210404',205),
(1527,'210404','奉化','101210405',205),
(1528,'210405','象山','101210406',205),
(1529,'210406','宁海','101210408',205),
(1530,'210407','北仑','101210410',205),
(1531,'210408','鄞州','101210411',205),
(1532,'210409','镇海','101210412',205),
(1533,'210501','绍兴','101210501',206),
(1534,'210502','诸暨','101210502',206),
(1535,'210503','上虞','101210503',206),
(1536,'210504','新昌','101210504',206),
(1537,'210505','嵊州','101210505',206),
(1538,'210601','台州','101210601',207),
(1539,'210602','玉环','101210603',207),
(1540,'210603','三门','101210604',207),
(1541,'210604','天台','101210605',207),
(1542,'210605','仙居','101210606',207),
(1543,'210606','温岭','101210607',207),
(1544,'210607','洪家','101210609',207),
(1545,'210608','临海','101210610',207),
(1546,'210609','椒江','101210611',207),
(1547,'210610','黄岩','101210612',207),
(1548,'210611','路桥','101210613',207),
(1549,'210701','温州','101210701',208),
(1550,'210702','泰顺','101210702',208),
(1551,'210703','文成','101210703',208),
(1552,'210704','平阳','101210704',208),
(1553,'210705','瑞安','101210705',208),
(1554,'210706','洞头','101210706',208),
(1555,'210707','乐清','101210707',208),
(1556,'210708','永嘉','101210708',208),
(1557,'210709','苍南','101210709',208),
(1558,'210801','丽水','101210801',209),
(1559,'210802','遂昌','101210802',209),
(1560,'210803','龙泉','101210803',209),
(1561,'210804','缙云','101210804',209),
(1562,'210805','青田','101210805',209),
(1563,'210806','云和','101210806',209),
(1564,'210807','庆元','101210807',209),
(1565,'210808','松阳','101210808',209),
(1566,'210809','景宁','101210809',209),
(1567,'210901','金华','101210901',210),
(1568,'210902','浦江','101210902',210),
(1569,'210903','兰溪','101210903',210),
(1570,'210904','义乌','101210904',210),
(1571,'210905','东阳','101210905',210),
(1572,'210906','武义','101210906',210),
(1573,'210907','永康','101210907',210),
(1574,'210908','磐安','101210908',210),
(1575,'211001','衢州','101211001',211),
(1576,'211002','常山','101211002',211),
(1577,'211003','开化','101211003',211),
(1578,'211004','龙游','101211004',211),
(1579,'211005','江山','101211005',211),
(1580,'211006','衢江','101211006',211),
(1581,'211101','舟山','101211101',212),
(1582,'211102','嵊泗','101211102',212),
(1583,'211103','岱山','101211104',212),
(1584,'211104','普陀','101211105',212),
(1585,'211105','定海','101211106',212),
(1586,'220101','合肥','101220101',213),
(1587,'220102','长丰','101220102',213),
(1588,'220103','肥东','101220103',213),
(1589,'220104','肥西','101220104',213),
(1590,'220201','蚌埠','101220201',214),
(1591,'220202','怀远','101220202',214),
(1592,'220203','固镇','101220203',214),
(1593,'220204','五河','101220204',214),
(1594,'220301','芜湖','101220301',215),
(1595,'220302','繁昌','101220302',215),
(1596,'220303','芜湖县','101220303',215),
(1597,'220304','南陵','101220304',215),
(1598,'220401','淮南','101220401',216),
(1599,'220402','凤台','101220402',216),
(1600,'220403','潘集','101220403',216),
(1601,'220501','马鞍山','101220501',217),
(1602,'220502','当涂','101220502',217),
(1603,'220601','安庆','101220601',218),
(1604,'220602','枞阳','101220602',218),
(1605,'220603','太湖','101220603',218),
(1606,'220604','潜山','101220604',218),
(1607,'220605','怀宁','101220605',218),
(1608,'220606','宿松','101220606',218),
(1609,'220607','望江','101220607',218),
(1610,'220608','岳西','101220608',218),
(1611,'220609','桐城','101220609',218),
(1612,'220701','宿州','101220701',219),
(1613,'220702','砀山','101220702',219),
(1614,'220703','灵璧','101220703',219),
(1615,'220704','泗县','101220704',219),
(1616,'220705','萧县','101220705',219),
(1617,'220801','阜阳','101220801',220),
(1618,'220802','阜南','101220802',220),
(1619,'220803','颍上','101220803',220),
(1620,'220804','临泉','101220804',220),
(1621,'220805','界首','101220805',220),
(1622,'220806','太和','101220806',220),
(1623,'220901','亳州','101220901',221),
(1624,'220902','涡阳','101220902',221),
(1625,'220903','利辛','101220903',221),
(1626,'220904','蒙城','101220904',221),
(1627,'221001','黄山市','101221001',222),
(1628,'221002','黄山区','101221002',222),
(1629,'221003','屯溪','101221003',222),
(1630,'221004','祁门','101221004',222),
(1631,'221005','黟县','101221005',222),
(1632,'221006','歙县','101221006',222),
(1633,'221007','休宁','101221007',222),
(1634,'221008','黄山风景区','101221008',222),
(1635,'221101','滁州','101221101',223),
(1636,'221102','凤阳','101221102',223),
(1637,'221103','明光','101221103',223),
(1638,'221104','定远','101221104',223),
(1639,'221105','全椒','101221105',223),
(1640,'221106','来安','101221106',223),
(1641,'221107','天长','101221107',223),
(1642,'221201','淮北','101221201',224),
(1643,'221202','濉溪','101221202',224),
(1644,'221301','铜陵','101221301',225),
(1645,'221401','宣城','101221401',226),
(1646,'221402','泾县','101221402',226),
(1647,'221403','旌德','101221403',226),
(1648,'221404','宁国','101221404',226),
(1649,'221405','绩溪','101221405',226),
(1650,'221406','广德','101221406',226),
(1651,'221407','郎溪','101221407',226),
(1652,'221501','六安','101221501',227),
(1653,'221502','霍邱','101221502',227),
(1654,'221503','寿县','101221503',227),
(1655,'221504','金寨','101221505',227),
(1656,'221505','霍山','101221506',227),
(1657,'221506','舒城','101221507',227),
(1658,'221601','巢湖','101221601',228),
(1659,'221602','庐江','101221602',228),
(1660,'221603','无为','101221603',228),
(1661,'221604','含山','101221604',228),
(1662,'221605','和县','101221605',228),
(1663,'221701','池州','101221701',229),
(1664,'221702','东至','101221702',229),
(1665,'221703','青阳','101221703',229),
(1666,'221704','九华山','101221704',229),
(1667,'221705','石台','101221705',229),
(1668,'230101','福州','101230101',230),
(1669,'230102','闽清','101230102',230),
(1670,'230103','闽侯','101230103',230),
(1671,'230104','罗源','101230104',230),
(1672,'230105','连江','101230105',230),
(1673,'230106','永泰','101230107',230),
(1674,'230107','平潭','101230108',230),
(1675,'230108','长乐','101230110',230),
(1676,'230109','福清','101230111',230),
(1677,'230201','厦门','101230201',231),
(1678,'230202','同安','101230202',231),
(1679,'230301','宁德','101230301',232),
(1680,'230302','古田','101230302',232),
(1681,'230303','霞浦','101230303',232),
(1682,'230304','寿宁','101230304',232),
(1683,'230305','周宁','101230305',232),
(1684,'230306','福安','101230306',232),
(1685,'230307','柘荣','101230307',232),
(1686,'230308','福鼎','101230308',232),
(1687,'230309','屏南','101230309',232),
(1688,'230401','莆田','101230401',233),
(1689,'230402','仙游','101230402',233),
(1690,'230403','秀屿港','101230403',233),
(1691,'230404','涵江','101230404',233),
(1692,'230405','秀屿','101230405',233),
(1693,'230406','荔城','101230406',233),
(1694,'230407','城厢','101230407',233),
(1695,'230501','泉州','101230501',234),
(1696,'230502','安溪','101230502',234),
(1697,'230503','永春','101230504',234),
(1698,'230504','德化','101230505',234),
(1699,'230505','南安','101230506',234),
(1700,'230506','崇武','101230507',234),
(1701,'230507','惠安','101230508',234),
(1702,'230508','晋江','101230509',234),
(1703,'230509','石狮','101230510',234),
(1704,'230601','漳州','101230601',235),
(1705,'230602','长泰','101230602',235),
(1706,'230603','南靖','101230603',235),
(1707,'230604','平和','101230604',235),
(1708,'230605','龙海','101230605',235),
(1709,'230606','漳浦','101230606',235),
(1710,'230607','诏安','101230607',235),
(1711,'230608','东山','101230608',235),
(1712,'230609','云霄','101230609',235),
(1713,'230610','华安','101230610',235),
(1714,'230701','龙岩','101230701',236),
(1715,'230702','长汀','101230702',236),
(1716,'230703','连城','101230703',236),
(1717,'230704','武平','101230704',236),
(1718,'230705','上杭','101230705',236),
(1719,'230706','永定','101230706',236),
(1720,'230707','漳平','101230707',236),
(1721,'230801','三明','101230801',237),
(1722,'230802','宁化','101230802',237),
(1723,'230803','清流','101230803',237),
(1724,'230804','泰宁','101230804',237),
(1725,'230805','将乐','101230805',237),
(1726,'230806','建宁','101230806',237),
(1727,'230807','明溪','101230807',237),
(1728,'230808','沙县','101230808',237),
(1729,'230809','尤溪','101230809',237),
(1730,'230810','永安','101230810',237),
(1731,'230811','大田','101230811',237),
(1732,'230901','南平','101230901',238),
(1733,'230902','顺昌','101230902',238),
(1734,'230903','光泽','101230903',238),
(1735,'230904','邵武','101230904',238),
(1736,'230905','武夷山','101230905',238),
(1737,'230906','浦城','101230906',238),
(1738,'230907','建阳','101230907',238),
(1739,'230908','松溪','101230908',238),
(1740,'230909','政和','101230909',238),
(1741,'230910','建瓯','101230910',238),
(1742,'240101','南昌','101240101',239),
(1743,'240102','新建','101240102',239),
(1744,'240103','南昌县','101240103',239),
(1745,'240104','安义','101240104',239),
(1746,'240105','进贤','101240105',239),
(1747,'240201','九江','101240201',240),
(1748,'240202','瑞昌','101240202',240),
(1749,'240203','庐山','101240203',240),
(1750,'240204','武宁','101240204',240),
(1751,'240205','德安','101240205',240),
(1752,'240206','永修','101240206',240),
(1753,'240207','湖口','101240207',240),
(1754,'240208','彭泽','101240208',240),
(1755,'240209','星子','101240209',240),
(1756,'240210','都昌','101240210',240),
(1757,'240211','修水','101240212',240),
(1758,'240301','上饶','101240301',241),
(1759,'240302','鄱阳','101240302',241),
(1760,'240303','婺源','101240303',241),
(1761,'240304','余干','101240305',241),
(1762,'240305','万年','101240306',241),
(1763,'240306','德兴','101240307',241),
(1764,'240307','上饶县','101240308',241),
(1765,'240308','弋阳','101240309',241),
(1766,'240309','横峰','101240310',241),
(1767,'240310','铅山','101240311',241),
(1768,'240311','玉山','101240312',241),
(1769,'240312','广丰','101240313',241),
(1770,'240401','抚州','101240401',242),
(1771,'240402','广昌','101240402',242),
(1772,'240403','乐安','101240403',242),
(1773,'240404','崇仁','101240404',242),
(1774,'240405','金溪','101240405',242),
(1775,'240406','资溪','101240406',242),
(1776,'240407','宜黄','101240407',242),
(1777,'240408','南城','101240408',242),
(1778,'240409','南丰','101240409',242),
(1779,'240410','黎川','101240410',242),
(1780,'240411','东乡','101240411',242),
(1781,'240501','宜春','101240501',243),
(1782,'240502','铜鼓','101240502',243),
(1783,'240503','宜丰','101240503',243),
(1784,'240504','万载','101240504',243),
(1785,'240505','上高','101240505',243),
(1786,'240506','靖安','101240506',243),
(1787,'240507','奉新','101240507',243),
(1788,'240508','高安','101240508',243),
(1789,'240509','樟树','101240509',243),
(1790,'240510','丰城','101240510',243),
(1791,'240601','吉安','101240601',244),
(1792,'240602','吉安县','101240602',244),
(1793,'240603','吉水','101240603',244),
(1794,'240604','新干','101240604',244),
(1795,'240605','峡江','101240605',244),
(1796,'240606','永丰','101240606',244),
(1797,'240607','永新','101240607',244),
(1798,'240608','井冈山','101240608',244),
(1799,'240609','万安','101240609',244),
(1800,'240610','遂川','101240610',244),
(1801,'240611','泰和','101240611',244),
(1802,'240612','安福','101240612',244),
(1803,'240613','宁冈','101240613',244),
(1804,'240701','赣州','101240701',245),
(1805,'240702','崇义','101240702',245),
(1806,'240703','上犹','101240703',245),
(1807,'240704','南康','101240704',245),
(1808,'240705','大余','101240705',245),
(1809,'240706','信丰','101240706',245),
(1810,'240707','宁都','101240707',245),
(1811,'240708','石城','101240708',245),
(1812,'240709','瑞金','101240709',245),
(1813,'240710','于都','101240710',245),
(1814,'240711','会昌','101240711',245),
(1815,'240712','安远','101240712',245),
(1816,'240713','全南','101240713',245),
(1817,'240714','龙南','101240714',245),
(1818,'240715','定南','101240715',245),
(1819,'240716','寻乌','101240716',245),
(1820,'240717','兴国','101240717',245),
(1821,'240718','赣县','101240718',245),
(1822,'240801','景德镇','101240801',246),
(1823,'240802','乐平','101240802',246),
(1824,'240803','浮梁','101240803',246),
(1825,'240901','萍乡','101240901',247),
(1826,'240902','莲花','101240902',247),
(1827,'240903','上栗','101240903',247),
(1828,'240904','安源','101240904',247),
(1829,'240905','芦溪','101240905',247),
(1830,'240906','湘东','101240906',247),
(1831,'241001','新余','101241001',248),
(1832,'241002','分宜','101241002',248),
(1833,'241101','鹰潭','101241101',249),
(1834,'241102','余江','101241102',249),
(1835,'241103','贵溪','101241103',249),
(1836,'250101','长沙','101250101',250),
(1837,'250102','宁乡','101250102',250),
(1838,'250103','浏阳','101250103',250),
(1839,'250104','马坡岭','101250104',250),
(1840,'250105','望城','101250105',250),
(1841,'250201','湘潭','101250201',251),
(1842,'250202','韶山','101250202',251),
(1843,'250203','湘乡','101250203',251),
(1844,'250301','株洲','101250301',252),
(1845,'250302','攸县','101250302',252),
(1846,'250303','醴陵','101250303',252),
(1847,'250304','茶陵','101250305',252),
(1848,'250305','炎陵','101250306',252),
(1849,'250401','衡阳','101250401',253),
(1850,'250402','衡山','101250402',253),
(1851,'250403','衡东','101250403',253),
(1852,'250404','祁东','101250404',253),
(1853,'250405','衡阳县','101250405',253),
(1854,'250406','常宁','101250406',253),
(1855,'250407','衡南','101250407',253),
(1856,'250408','耒阳','101250408',253),
(1857,'250409','南岳','101250409',253),
(1858,'250501','郴州','101250501',254),
(1859,'250502','桂阳','101250502',254),
(1860,'250503','嘉禾','101250503',254),
(1861,'250504','宜章','101250504',254),
(1862,'250505','临武','101250505',254),
(1863,'250506','资兴','101250507',254),
(1864,'250507','汝城','101250508',254),
(1865,'250508','安仁','101250509',254),
(1866,'250509','永兴','101250510',254),
(1867,'250510','桂东','101250511',254),
(1868,'250511','苏仙','101250512',254),
(1869,'250601','常德','101250601',255),
(1870,'250602','安乡','101250602',255),
(1871,'250603','桃源','101250603',255),
(1872,'250604','汉寿','101250604',255),
(1873,'250605','澧县','101250605',255),
(1874,'250606','临澧','101250606',255),
(1875,'250607','石门','101250607',255),
(1876,'250608','津市','101250608',255),
(1877,'250701','益阳','101250700',256),
(1878,'250702','赫山区','101250701',256),
(1879,'250703','南县','101250702',256),
(1880,'250704','桃江','101250703',256),
(1881,'250705','安化','101250704',256),
(1882,'250706','沅江','101250705',256),
(1883,'250801','娄底','101250801',257),
(1884,'250802','双峰','101250802',257),
(1885,'250803','冷水江','101250803',257),
(1886,'250804','新化','101250805',257),
(1887,'250805','涟源','101250806',257),
(1888,'250901','邵阳','101250901',258),
(1889,'250902','隆回','101250902',258),
(1890,'250903','洞口','101250903',258),
(1891,'250904','新邵','101250904',258),
(1892,'250905','邵东','101250905',258),
(1893,'250906','绥宁','101250906',258),
(1894,'250907','新宁','101250907',258),
(1895,'250908','武冈','101250908',258),
(1896,'250909','城步','101250909',258),
(1897,'250910','邵阳县','101250910',258),
(1898,'251001','岳阳','101251001',259),
(1899,'251002','华容','101251002',259),
(1900,'251003','湘阴','101251003',259),
(1901,'251004','汨罗','101251004',259),
(1902,'251005','平江','101251005',259),
(1903,'251006','临湘','101251006',259),
(1904,'251101','张家界','101251101',260),
(1905,'251102','桑植','101251102',260),
(1906,'251103','慈利','101251103',260),
(1907,'251104','武陵源','101251104',260),
(1908,'251201','怀化','101251201',261),
(1909,'251202','沅陵','101251203',261),
(1910,'251203','辰溪','101251204',261),
(1911,'251204','靖州','101251205',261),
(1912,'251205','会同','101251206',261),
(1913,'251206','通道','101251207',261),
(1914,'251207','麻阳','101251208',261),
(1915,'251208','新晃','101251209',261),
(1916,'251209','芷江','101251210',261),
(1917,'251210','溆浦','101251211',261),
(1918,'251211','中方','101251212',261),
(1919,'251212','洪江','101251213',261),
(1920,'251301','永州','101251401',262),
(1921,'251302','祁阳','101251402',262),
(1922,'251303','东安','101251403',262),
(1923,'251304','双牌','101251404',262),
(1924,'251305','道县','101251405',262),
(1925,'251306','宁远','101251406',262),
(1926,'251307','江永','101251407',262),
(1927,'251308','蓝山','101251408',262),
(1928,'251309','新田','101251409',262),
(1929,'251310','江华','101251410',262),
(1930,'251311','冷水滩','101251411',262),
(1931,'251401','吉首','101251501',263),
(1932,'251402','保靖','101251502',263),
(1933,'251403','永顺','101251503',263),
(1934,'251404','古丈','101251504',263),
(1935,'251405','凤凰','101251505',263),
(1936,'251406','泸溪','101251506',263),
(1937,'251407','龙山','101251507',263),
(1938,'251408','花垣','101251508',263),
(1939,'260101','贵阳','101260101',264),
(1940,'260102','白云','101260102',264),
(1941,'260103','花溪','101260103',264),
(1942,'260104','乌当','101260104',264),
(1943,'260105','息烽','101260105',264),
(1944,'260106','开阳','101260106',264),
(1945,'260107','修文','101260107',264),
(1946,'260108','清镇','101260108',264),
(1947,'260109','小河','101260109',264),
(1948,'260110','云岩','101260110',264),
(1949,'260111','南明','101260111',264),
(1950,'260201','遵义','101260201',265),
(1951,'260202','遵义县','101260202',265),
(1952,'260203','仁怀','101260203',265),
(1953,'260204','绥阳','101260204',265),
(1954,'260205','湄潭','101260205',265),
(1955,'260206','凤冈','101260206',265),
(1956,'260207','桐梓','101260207',265),
(1957,'260208','赤水','101260208',265),
(1958,'260209','习水','101260209',265),
(1959,'260210','道真','101260210',265),
(1960,'260211','正安','101260211',265),
(1961,'260212','务川','101260212',265),
(1962,'260213','余庆','101260213',265),
(1963,'260214','汇川','101260214',265),
(1964,'260215','红花岗','101260215',265),
(1965,'260301','安顺','101260301',266),
(1966,'260302','普定','101260302',266),
(1967,'260303','镇宁','101260303',266),
(1968,'260304','平坝','101260304',266),
(1969,'260305','紫云','101260305',266),
(1970,'260306','关岭','101260306',266),
(1971,'260401','都匀','101260401',267),
(1972,'260402','贵定','101260402',267),
(1973,'260403','瓮安','101260403',267),
(1974,'260404','长顺','101260404',267),
(1975,'260405','福泉','101260405',267),
(1976,'260406','惠水','101260406',267),
(1977,'260407','龙里','101260407',267),
(1978,'260408','罗甸','101260408',267),
(1979,'260409','平塘','101260409',267),
(1980,'260410','独山','101260410',267),
(1981,'260411','三都','101260411',267),
(1982,'260412','荔波','101260412',267),
(1983,'260501','凯里','101260501',268),
(1984,'260502','岑巩','101260502',268),
(1985,'260503','施秉','101260503',268),
(1986,'260504','镇远','101260504',268),
(1987,'260505','黄平','101260505',268),
(1988,'260506','麻江','101260507',268),
(1989,'260507','丹寨','101260508',268),
(1990,'260508','三穗','101260509',268),
(1991,'260509','台江','101260510',268),
(1992,'260510','剑河','101260511',268),
(1993,'260511','雷山','101260512',268),
(1994,'260512','黎平','101260513',268),
(1995,'260513','天柱','101260514',268),
(1996,'260514','锦屏','101260515',268),
(1997,'260515','榕江','101260516',268),
(1998,'260516','从江','101260517',268),
(1999,'260601','铜仁','101260601',269),
(2000,'260602','江口','101260602',269),
(2001,'260603','玉屏','101260603',269),
(2002,'260604','万山','101260604',269),
(2003,'260605','思南','101260605',269),
(2004,'260606','印江','101260607',269),
(2005,'260607','石阡','101260608',269),
(2006,'260608','沿河','101260609',269),
(2007,'260609','德江','101260610',269),
(2008,'260610','松桃','101260611',269),
(2009,'260701','毕节','101260701',270),
(2010,'260702','赫章','101260702',270),
(2011,'260703','金沙','101260703',270),
(2012,'260704','威宁','101260704',270),
(2013,'260705','大方','101260705',270),
(2014,'260706','纳雍','101260706',270),
(2015,'260707','织金','101260707',270),
(2016,'260708','黔西','101260708',270),
(2017,'260801','水城','101260801',271),
(2018,'260802','六枝','101260802',271),
(2019,'260803','盘县','101260804',271),
(2020,'260901','兴义','101260901',272),
(2021,'260902','晴隆','101260902',272),
(2022,'260903','兴仁','101260903',272),
(2023,'260904','贞丰','101260904',272),
(2024,'260905','望谟','101260905',272),
(2025,'260906','安龙','101260907',272),
(2026,'260907','册亨','101260908',272),
(2027,'260908','普安','101260909',272),
(2028,'270101','成都','101270101',273),
(2029,'270102','龙泉驿','101270102',273),
(2030,'270103','新都','101270103',273),
(2031,'270104','温江','101270104',273),
(2032,'270105','金堂','101270105',273),
(2033,'270106','双流','101270106',273),
(2034,'270107','郫县','101270107',273),
(2035,'270108','大邑','101270108',273),
(2036,'270109','蒲江','101270109',273),
(2037,'270110','新津','101270110',273),
(2038,'270111','都江堰','101270111',273),
(2039,'270112','彭州','101270112',273),
(2040,'270113','邛崃','101270113',273),
(2041,'270114','崇州','101270114',273),
(2042,'270201','攀枝花','101270201',274),
(2043,'270202','仁和','101270202',274),
(2044,'270203','米易','101270203',274),
(2045,'270204','盐边','101270204',274),
(2046,'270301','自贡','101270301',275),
(2047,'270302','富顺','101270302',275),
(2048,'270303','荣县','101270303',275),
(2049,'270401','绵阳','101270401',276),
(2050,'270402','三台','101270402',276),
(2051,'270403','盐亭','101270403',276),
(2052,'270404','安县','101270404',276),
(2053,'270405','梓潼','101270405',276),
(2054,'270406','北川','101270406',276),
(2055,'270407','平武','101270407',276),
(2056,'270408','江油','101270408',276),
(2057,'270501','南充','101270501',277),
(2058,'270502','南部','101270502',277),
(2059,'270503','营山','101270503',277),
(2060,'270504','蓬安','101270504',277),
(2061,'270505','仪陇','101270505',277),
(2062,'270506','西充','101270506',277),
(2063,'270507','阆中','101270507',277),
(2064,'270601','达州','101270601',278),
(2065,'270602','宣汉','101270602',278),
(2066,'270603','开江','101270603',278),
(2067,'270604','大竹','101270604',278),
(2068,'270605','渠县','101270605',278),
(2069,'270606','万源','101270606',278),
(2070,'270607','通川','101270607',278),
(2071,'270608','达县','101270608',278),
(2072,'270701','遂宁','101270701',279),
(2073,'270702','蓬溪','101270702',279),
(2074,'270703','射洪','101270703',279),
(2075,'270801','广安','101270801',280),
(2076,'270802','岳池','101270802',280),
(2077,'270803','武胜','101270803',280),
(2078,'270804','邻水','101270804',280),
(2079,'270805','华蓥','101270805',280),
(2080,'270901','巴中','101270901',281),
(2081,'270902','通江','101270902',281),
(2082,'270903','南江','101270903',281),
(2083,'270904','平昌','101270904',281),
(2084,'271001','泸州','101271001',282),
(2085,'271002','泸县','101271003',282),
(2086,'271003','合江','101271004',282),
(2087,'271004','叙永','101271005',282),
(2088,'271005','古蔺','101271006',282),
(2089,'271006','纳溪','101271007',282),
(2090,'271101','宜宾','101271101',283),
(2091,'271102','宜宾县','101271103',283),
(2092,'271103','南溪','101271104',283),
(2093,'271104','江安','101271105',283),
(2094,'271105','长宁','101271106',283),
(2095,'271106','高县','101271107',283),
(2096,'271107','珙县','101271108',283),
(2097,'271108','筠连','101271109',283),
(2098,'271109','兴文','101271110',283),
(2099,'271110','屏山','101271111',283),
(2100,'271201','内江','101271201',284),
(2101,'271202','东兴','101271202',284),
(2102,'271203','威远','101271203',284),
(2103,'271204','资中','101271204',284),
(2104,'271205','隆昌','101271205',284),
(2105,'271301','资阳','101271301',285),
(2106,'271302','安岳','101271302',285),
(2107,'271303','乐至','101271303',285),
(2108,'271304','简阳','101271304',285),
(2109,'271401','乐山','101271401',286),
(2110,'271402','犍为','101271402',286),
(2111,'271403','井研','101271403',286),
(2112,'271404','夹江','101271404',286),
(2113,'271405','沐川','101271405',286),
(2114,'271406','峨边','101271406',286),
(2115,'271407','马边','101271407',286),
(2116,'271408','峨眉','101271408',286),
(2117,'271409','峨眉山','101271409',286),
(2118,'271501','眉山','101271501',287),
(2119,'271502','仁寿','101271502',287),
(2120,'271503','彭山','101271503',287),
(2121,'271504','洪雅','101271504',287),
(2122,'271505','丹棱','101271505',287),
(2123,'271506','青神','101271506',287),
(2124,'271601','凉山','101271601',288),
(2125,'271602','木里','101271603',288),
(2126,'271603','盐源','101271604',288),
(2127,'271604','德昌','101271605',288),
(2128,'271605','会理','101271606',288),
(2129,'271606','会东','101271607',288),
(2130,'271607','宁南','101271608',288),
(2131,'271608','普格','101271609',288),
(2132,'271609','西昌','101271610',288),
(2133,'271610','金阳','101271611',288),
(2134,'271611','昭觉','101271612',288),
(2135,'271612','喜德','101271613',288),
(2136,'271613','冕宁','101271614',288),
(2137,'271614','越西','101271615',288),
(2138,'271615','甘洛','101271616',288),
(2139,'271616','雷波','101271617',288),
(2140,'271617','美姑','101271618',288),
(2141,'271618','布拖','101271619',288),
(2142,'271701','雅安','101271701',289),
(2143,'271702','名山','101271702',289),
(2144,'271703','荥经','101271703',289),
(2145,'271704','汉源','101271704',289),
(2146,'271705','石棉','101271705',289),
(2147,'271706','天全','101271706',289),
(2148,'271707','芦山','101271707',289),
(2149,'271708','宝兴','101271708',289),
(2150,'271801','甘孜','101271801',290),
(2151,'271802','康定','101271802',290),
(2152,'271803','泸定','101271803',290),
(2153,'271804','丹巴','101271804',290),
(2154,'271805','九龙','101271805',290),
(2155,'271806','雅江','101271806',290),
(2156,'271807','道孚','101271807',290),
(2157,'271808','炉霍','101271808',290),
(2158,'271809','新龙','101271809',290),
(2159,'271810','德格','101271810',290),
(2160,'271811','白玉','101271811',290),
(2161,'271812','石渠','101271812',290),
(2162,'271813','色达','101271813',290),
(2163,'271814','理塘','101271814',290),
(2164,'271815','巴塘','101271815',290),
(2165,'271816','乡城','101271816',290),
(2166,'271817','稻城','101271817',290),
(2167,'271818','得荣','101271818',290),
(2168,'271901','阿坝','101271901',291),
(2169,'271902','汶川','101271902',291),
(2170,'271903','理县','101271903',291),
(2171,'271904','茂县','101271904',291),
(2172,'271905','松潘','101271905',291),
(2173,'271906','九寨沟','101271906',291),
(2174,'271907','金川','101271907',291),
(2175,'271908','小金','101271908',291),
(2176,'271909','黑水','101271909',291),
(2177,'271910','马尔康','101271910',291),
(2178,'271911','壤塘','101271911',291),
(2179,'271912','若尔盖','101271912',291),
(2180,'271913','红原','101271913',291),
(2181,'272001','德阳','101272001',292),
(2182,'272002','中江','101272002',292),
(2183,'272003','广汉','101272003',292),
(2184,'272004','什邡','101272004',292),
(2185,'272005','绵竹','101272005',292),
(2186,'272006','罗江','101272006',292),
(2187,'272101','广元','101272101',293),
(2188,'272102','旺苍','101272102',293),
(2189,'272103','青川','101272103',293),
(2190,'272104','剑阁','101272104',293),
(2191,'272105','苍溪','101272105',293),
(2192,'280101','广州','101280101',294),
(2193,'280102','番禺','101280102',294),
(2194,'280103','从化','101280103',294),
(2195,'280104','增城','101280104',294),
(2196,'280105','花都','101280105',294),
(2197,'280201','韶关','101280201',295),
(2198,'280202','乳源','101280202',295),
(2199,'280203','始兴','101280203',295),
(2200,'280204','翁源','101280204',295),
(2201,'280205','乐昌','101280205',295),
(2202,'280206','仁化','101280206',295),
(2203,'280207','南雄','101280207',295),
(2204,'280208','新丰','101280208',295),
(2205,'280209','曲江','101280209',295),
(2206,'280210','浈江','101280210',295),
(2207,'280211','武江','101280211',295),
(2208,'280301','惠州','101280301',296),
(2209,'280302','博罗','101280302',296),
(2210,'280303','惠阳','101280303',296),
(2211,'280304','惠东','101280304',296),
(2212,'280305','龙门','101280305',296),
(2213,'280401','梅州','101280401',297),
(2214,'280402','兴宁','101280402',297),
(2215,'280403','蕉岭','101280403',297),
(2216,'280404','大埔','101280404',297),
(2217,'280405','丰顺','101280406',297),
(2218,'280406','平远','101280407',297),
(2219,'280407','五华','101280408',297),
(2220,'280408','梅县','101280409',297),
(2221,'280501','汕头','101280501',298),
(2222,'280502','潮阳','101280502',298),
(2223,'280503','澄海','101280503',298),
(2224,'280504','南澳','101280504',298),
(2225,'280601','深圳','101280601',299),
(2226,'280701','珠海','101280701',300),
(2227,'280702','斗门','101280702',300),
(2228,'280703','金湾','101280703',300),
(2229,'280801','佛山','101280800',301),
(2230,'280802','顺德','101280801',301),
(2231,'280803','三水','101280802',301),
(2232,'280804','南海','101280803',301),
(2233,'280805','高明','101280804',301),
(2234,'280901','肇庆','101280901',302),
(2235,'280902','广宁','101280902',302),
(2236,'280903','四会','101280903',302),
(2237,'280904','德庆','101280905',302),
(2238,'280905','怀集','101280906',302),
(2239,'280906','封开','101280907',302),
(2240,'280907','高要','101280908',302),
(2241,'281001','湛江','101281001',303),
(2242,'281002','吴川','101281002',303),
(2243,'281003','雷州','101281003',303),
(2244,'281004','徐闻','101281004',303),
(2245,'281005','廉江','101281005',303),
(2246,'281006','赤坎','101281006',303),
(2247,'281007','遂溪','101281007',303),
(2248,'281008','坡头','101281008',303),
(2249,'281009','霞山','101281009',303),
(2250,'281010','麻章','101281010',303),
(2251,'281101','江门','101281101',304),
(2252,'281102','开平','101281103',304),
(2253,'281103','新会','101281104',304),
(2254,'281104','恩平','101281105',304),
(2255,'281105','台山','101281106',304),
(2256,'281106','蓬江','101281107',304),
(2257,'281107','鹤山','101281108',304),
(2258,'281108','江海','101281109',304),
(2259,'281201','河源','101281201',305),
(2260,'281202','紫金','101281202',305),
(2261,'281203','连平','101281203',305),
(2262,'281204','和平','101281204',305),
(2263,'281205','龙川','101281205',305),
(2264,'281206','东源','101281206',305),
(2265,'281301','清远','101281301',306),
(2266,'281302','连南','101281302',306),
(2267,'281303','连州','101281303',306),
(2268,'281304','连山','101281304',306),
(2269,'281305','阳山','101281305',306),
(2270,'281306','佛冈','101281306',306),
(2271,'281307','英德','101281307',306),
(2272,'281308','清新','101281308',306),
(2273,'281401','云浮','101281401',307),
(2274,'281402','罗定','101281402',307),
(2275,'281403','新兴','101281403',307),
(2276,'281404','郁南','101281404',307),
(2277,'281405','云安','101281406',307),
(2278,'281501','潮州','101281501',308),
(2279,'281502','饶平','101281502',308),
(2280,'281503','潮安','101281503',308),
(2281,'281601','东莞','101281601',309),
(2282,'281701','中山','101281701',310),
(2283,'281801','阳江','101281801',311),
(2284,'281802','阳春','101281802',311),
(2285,'281803','阳东','101281803',311),
(2286,'281804','阳西','101281804',311),
(2287,'281901','揭阳','101281901',312),
(2288,'281902','揭西','101281902',312),
(2289,'281903','普宁','101281903',312),
(2290,'281904','惠来','101281904',312),
(2291,'281905','揭东','101281905',312),
(2292,'282001','茂名','101282001',313),
(2293,'282002','高州','101282002',313),
(2294,'282003','化州','101282003',313),
(2295,'282004','电白','101282004',313),
(2296,'282005','信宜','101282005',313),
(2297,'282006','茂港','101282006',313),
(2298,'282101','汕尾','101282101',314),
(2299,'282102','海丰','101282102',314),
(2300,'282103','陆丰','101282103',314),
(2301,'282104','陆河','101282104',314),
(2302,'290101','昆明','101290101',315),
(2303,'290102','东川','101290103',315),
(2304,'290103','寻甸','101290104',315),
(2305,'290104','晋宁','101290105',315),
(2306,'290105','宜良','101290106',315),
(2307,'290106','石林','101290107',315),
(2308,'290107','呈贡','101290108',315),
(2309,'290108','富民','101290109',315),
(2310,'290109','嵩明','101290110',315),
(2311,'290110','禄劝','101290111',315),
(2312,'290111','安宁','101290112',315),
(2313,'290112','太华山','101290113',315),
(2314,'290201','大理','101290201',316),
(2315,'290202','云龙','101290202',316),
(2316,'290203','漾濞','101290203',316),
(2317,'290204','永平','101290204',316),
(2318,'290205','宾川','101290205',316),
(2319,'290206','弥渡','101290206',316),
(2320,'290207','祥云','101290207',316),
(2321,'290208','巍山','101290208',316),
(2322,'290209','剑川','101290209',316),
(2323,'290210','洱源','101290210',316),
(2324,'290211','鹤庆','101290211',316),
(2325,'290212','南涧','101290212',316),
(2326,'290301','红河','101290301',317),
(2327,'290302','石屏','101290302',317),
(2328,'290303','建水','101290303',317),
(2329,'290304','弥勒','101290304',317),
(2330,'290305','元阳','101290305',317),
(2331,'290306','绿春','101290306',317),
(2332,'290307','开远','101290307',317),
(2333,'290308','个旧','101290308',317),
(2334,'290309','蒙自','101290309',317),
(2335,'290310','屏边','101290310',317),
(2336,'290311','泸西','101290311',317),
(2337,'290312','金平','101290312',317),
(2338,'290313','河口','101290313',317),
(2339,'290401','曲靖','101290401',318),
(2340,'290402','沾益','101290402',318),
(2341,'290403','陆良','101290403',318),
(2342,'290404','富源','101290404',318),
(2343,'290405','马龙','101290405',318),
(2344,'290406','师宗','101290406',318),
(2345,'290407','罗平','101290407',318),
(2346,'290408','会泽','101290408',318),
(2347,'290409','宣威','101290409',318),
(2348,'290501','保山','101290501',319),
(2349,'290502','龙陵','101290503',319),
(2350,'290503','施甸','101290504',319),
(2351,'290504','昌宁','101290505',319),
(2352,'290505','腾冲','101290506',319),
(2353,'290601','文山','101290601',320),
(2354,'290602','西畴','101290602',320),
(2355,'290603','马关','101290603',320),
(2356,'290604','麻栗坡','101290604',320),
(2357,'290605','砚山','101290605',320),
(2358,'290606','丘北','101290606',320),
(2359,'290607','广南','101290607',320),
(2360,'290608','富宁','101290608',320),
(2361,'290701','玉溪','101290701',321),
(2362,'290702','澄江','101290702',321),
(2363,'290703','江川','101290703',321),
(2364,'290704','通海','101290704',321),
(2365,'290705','华宁','101290705',321),
(2366,'290706','新平','101290706',321),
(2367,'290707','易门','101290707',321),
(2368,'290708','峨山','101290708',321),
(2369,'290709','元江','101290709',321),
(2370,'290801','楚雄','101290801',322),
(2371,'290802','大姚','101290802',322),
(2372,'290803','元谋','101290803',322),
(2373,'290804','姚安','101290804',322),
(2374,'290805','牟定','101290805',322),
(2375,'290806','南华','101290806',322),
(2376,'290807','武定','101290807',322),
(2377,'290808','禄丰','101290808',322),
(2378,'290809','双柏','101290809',322),
(2379,'290810','永仁','101290810',322),
(2380,'290901','普洱','101290901',323),
(2381,'290902','景谷','101290902',323),
(2382,'290903','景东','101290903',323),
(2383,'290904','澜沧','101290904',323),
(2384,'290905','墨江','101290906',323),
(2385,'290906','江城','101290907',323),
(2386,'290907','孟连','101290908',323),
(2387,'290908','西盟','101290909',323),
(2388,'290909','镇沅','101290911',323),
(2389,'290910','宁洱','101290912',323),
(2390,'291001','昭通','101291001',324),
(2391,'291002','鲁甸','101291002',324),
(2392,'291003','彝良','101291003',324),
(2393,'291004','镇雄','101291004',324),
(2394,'291005','威信','101291005',324),
(2395,'291006','巧家','101291006',324),
(2396,'291007','绥江','101291007',324),
(2397,'291008','永善','101291008',324),
(2398,'291009','盐津','101291009',324),
(2399,'291010','大关','101291010',324),
(2400,'291011','水富','101291011',324),
(2401,'291101','临沧','101291101',325),
(2402,'291102','沧源','101291102',325),
(2403,'291103','耿马','101291103',325),
(2404,'291104','双江','101291104',325),
(2405,'291105','凤庆','101291105',325),
(2406,'291106','永德','101291106',325),
(2407,'291107','云县','101291107',325),
(2408,'291108','镇康','101291108',325),
(2409,'291201','怒江','101291201',326),
(2410,'291202','福贡','101291203',326),
(2411,'291203','兰坪','101291204',326),
(2412,'291204','泸水','101291205',326),
(2413,'291205','六库','101291206',326),
(2414,'291206','贡山','101291207',326),
(2415,'291301','香格里拉','101291301',327),
(2416,'291302','德钦','101291302',327),
(2417,'291303','维西','101291303',327),
(2418,'291304','中甸','101291304',327),
(2419,'291401','丽江','101291401',328),
(2420,'291402','永胜','101291402',328),
(2421,'291403','华坪','101291403',328),
(2422,'291404','宁蒗','101291404',328),
(2423,'291501','德宏','101291501',329),
(2424,'291502','陇川','101291503',329),
(2425,'291503','盈江','101291504',329),
(2426,'291504','瑞丽','101291506',329),
(2427,'291505','梁河','101291507',329),
(2428,'291506','潞西','101291508',329),
(2429,'291601','景洪','101291601',330),
(2430,'291602','勐海','101291603',330),
(2431,'291603','勐腊','101291605',330),
(2432,'300101','南宁','101300101',331),
(2433,'300102','邕宁','101300103',331),
(2434,'300103','横县','101300104',331),
(2435,'300104','隆安','101300105',331),
(2436,'300105','马山','101300106',331),
(2437,'300106','上林','101300107',331),
(2438,'300107','武鸣','101300108',331),
(2439,'300108','宾阳','101300109',331),
(2440,'300201','崇左','101300201',332),
(2441,'300202','天等','101300202',332),
(2442,'300203','龙州','101300203',332),
(2443,'300204','凭祥','101300204',332),
(2444,'300205','大新','101300205',332),
(2445,'300206','扶绥','101300206',332),
(2446,'300207','宁明','101300207',332),
(2447,'300301','柳州','101300301',333),
(2448,'300302','柳城','101300302',333),
(2449,'300303','鹿寨','101300304',333),
(2450,'300304','柳江','101300305',333),
(2451,'300305','融安','101300306',333),
(2452,'300306','融水','101300307',333),
(2453,'300307','三江','101300308',333),
(2454,'300401','来宾','101300401',334),
(2455,'300402','忻城','101300402',334),
(2456,'300403','金秀','101300403',334),
(2457,'300404','象州','101300404',334),
(2458,'300405','武宣','101300405',334),
(2459,'300406','合山','101300406',334),
(2460,'300501','桂林','101300501',335),
(2461,'300502','龙胜','101300503',335),
(2462,'300503','永福','101300504',335),
(2463,'300504','临桂','101300505',335),
(2464,'300505','兴安','101300506',335),
(2465,'300506','灵川','101300507',335),
(2466,'300507','全州','101300508',335),
(2467,'300508','灌阳','101300509',335),
(2468,'300509','阳朔','101300510',335),
(2469,'300510','恭城','101300511',335),
(2470,'300511','平乐','101300512',335),
(2471,'300512','荔浦','101300513',335),
(2472,'300513','资源','101300514',335),
(2473,'300601','梧州','101300601',336),
(2474,'300602','藤县','101300602',336),
(2475,'300603','苍梧','101300604',336),
(2476,'300604','蒙山','101300605',336),
(2477,'300605','岑溪','101300606',336),
(2478,'300701','贺州','101300701',337),
(2479,'300702','昭平','101300702',337),
(2480,'300703','富川','101300703',337),
(2481,'300704','钟山','101300704',337),
(2482,'300801','贵港','101300801',338),
(2483,'300802','桂平','101300802',338),
(2484,'300803','平南','101300803',338),
(2485,'300901','玉林','101300901',339),
(2486,'300902','博白','101300902',339),
(2487,'300903','北流','101300903',339),
(2488,'300904','容县','101300904',339),
(2489,'300905','陆川','101300905',339),
(2490,'300906','兴业','101300906',339),
(2491,'301001','百色','101301001',340),
(2492,'301002','那坡','101301002',340),
(2493,'301003','田阳','101301003',340),
(2494,'301004','德保','101301004',340),
(2495,'301005','靖西','101301005',340),
(2496,'301006','田东','101301006',340),
(2497,'301007','平果','101301007',340),
(2498,'301008','隆林','101301008',340),
(2499,'301009','西林','101301009',340),
(2500,'301010','乐业','101301010',340),
(2501,'301011','凌云','101301011',340),
(2502,'301012','田林','101301012',340),
(2503,'301101','钦州','101301101',341),
(2504,'301102','浦北','101301102',341),
(2505,'301103','灵山','101301103',341),
(2506,'301201','河池','101301201',342),
(2507,'301202','天峨','101301202',342),
(2508,'301203','东兰','101301203',342),
(2509,'301204','巴马','101301204',342),
(2510,'301205','环江','101301205',342),
(2511,'301206','罗城','101301206',342),
(2512,'301207','宜州','101301207',342),
(2513,'301208','凤山','101301208',342),
(2514,'301209','南丹','101301209',342),
(2515,'301210','都安','101301210',342),
(2516,'301211','大化','101301211',342),
(2517,'301301','北海','101301301',343),
(2518,'301302','合浦','101301302',343),
(2519,'301303','涠洲岛','101301303',343),
(2520,'301401','防城港','101301401',344),
(2521,'301402','上思','101301402',344),
(2522,'301403','东兴','101301403',344),
(2523,'301404','防城','101301405',344),
(2524,'310101','海口','101310101',345),
(2525,'310201','三亚','101310201',346),
(2526,'310301','东方','101310202',347),
(2527,'310401','临高','101310203',348),
(2528,'310501','澄迈','101310204',349),
(2529,'310601','儋州','101310205',350),
(2530,'310701','昌江','101310206',351),
(2531,'310801','白沙','101310207',352),
(2532,'310901','琼中','101310208',353),
(2533,'311001','定安','101310209',354),
(2534,'311101','屯昌','101310210',355),
(2535,'311201','琼海','101310211',356),
(2536,'311301','文昌','101310212',357),
(2537,'311401','保亭','101310214',358),
(2538,'311501','万宁','101310215',359),
(2539,'311601','陵水','101310216',360),
(2540,'311701','西沙','101310217',361),
(2541,'311801','南沙','101310220',362),
(2542,'311901','乐东','101310221',363),
(2543,'312001','五指山','101310222',364),
(2544,'320101','香港','101320101',365),
(2545,'320102','九龙','101320102',365),
(2546,'320103','新界','101320103',365),
(2547,'330101','澳门','101330101',366),
(2548,'330102','氹仔岛','101330102',366),
(2549,'330103','路环岛','101330103',366),
(2550,'340101','台北','101340101',367),
(2551,'340102','桃园','101340102',367),
(2552,'340103','新竹','101340103',367),
(2553,'340104','宜兰','101340104',367),
(2554,'340201','高雄','101340201',368),
(2555,'340202','嘉义','101340202',368),
(2556,'340203','台南','101340203',368),
(2557,'340204','台东','101340204',368),
(2558,'340205','屏东','101340205',368),
(2559,'340301','台中','101340401',369),
(2560,'340302','苗栗','101340402',369),
(2561,'340303','彰化','101340403',369),
(2562,'340304','南投','101340404',369),
(2563,'340305','花莲','101340405',369),
(2564,'340306','云林','101340406',369);

/*Table structure for table `t_order` */

DROP TABLE IF EXISTS `t_order`;

CREATE TABLE `t_order` (
  `id` int(11) NOT NULL AUTO_INCREMENT,
  `rid` int(11) DEFAULT NULL,
  `money` int(11) DEFAULT NULL,
  `createtime` datetime DEFAULT NULL,
  `uid` int(11) DEFAULT NULL,
  `flag` int(11) DEFAULT NULL,
  PRIMARY KEY (`id`)
) ENGINE=InnoDB AUTO_INCREMENT=14 DEFAULT CHARSET=utf8;

/*Data for the table `t_order` */

insert  into `t_order`(`id`,`rid`,`money`,`createtime`,`uid`,`flag`) values 
(1,23,7992720,'2018-08-11 22:45:57',3,0),
(2,23,7992720,'2018-08-11 22:46:11',3,0),
(3,23,7992720,'2018-08-11 22:46:50',3,0),
(4,5,7992720,'2018-08-11 22:51:17',3,0),
(5,23,7992720,'2018-08-11 23:10:42',3,0),
(6,7,7992720,'2018-08-11 23:21:39',3,0),
(7,23,7992720,'2018-08-11 23:28:53',3,0),
(8,5,7992720,'2018-08-11 23:33:19',3,0),
(9,23,7992720,'2018-08-11 23:36:08',3,0),
(10,5,7992720,'2018-08-11 23:48:12',3,0),
(11,7,7992720,'2018-08-13 22:04:06',3,0),
(12,7,7992720,'2018-08-13 22:06:35',3,0),
(13,25,3997200,'2018-08-20 11:45:07',2,0);

/*Table structure for table `t_orderitem` */

DROP TABLE IF EXISTS `t_orderitem`;

CREATE TABLE `t_orderitem` (
  `id` int(11) NOT NULL AUTO_INCREMENT,
  `oid` int(11) DEFAULT NULL,
  `gid` int(11) DEFAULT NULL,
  `count` int(11) DEFAULT NULL,
  `createtime` datetime DEFAULT NULL,
  PRIMARY KEY (`id`)
) ENGINE=InnoDB AUTO_INCREMENT=25 DEFAULT CHARSET=utf8;

/*Data for the table `t_orderitem` */

insert  into `t_orderitem`(`id`,`oid`,`gid`,`count`,`createtime`) values 
(1,1,2,5,'2018-08-11 22:45:57'),
(2,1,2,2,'2018-08-11 22:45:57'),
(3,1,2,1,'2018-08-11 22:46:11'),
(4,1,2,5,'2018-08-11 22:46:50'),
(5,1,2,2,'2018-08-11 22:46:50'),
(6,1,2,5,'2018-08-11 22:51:17'),
(7,1,2,2,'2018-08-11 22:51:17'),
(8,1,2,5,'2018-08-11 23:10:42'),
(9,1,2,2,'2018-08-11 23:10:42'),
(10,1,2,5,'2018-08-11 23:21:39'),
(11,1,2,2,'2018-08-11 23:21:39'),
(12,1,2,5,'2018-08-11 23:28:53'),
(13,1,2,2,'2018-08-11 23:28:53'),
(14,1,2,5,'2018-08-11 23:33:19'),
(15,1,2,2,'2018-08-11 23:33:19'),
(16,1,2,5,'2018-08-11 23:36:08'),
(17,1,2,2,'2018-08-11 23:36:08'),
(18,1,2,5,'2018-08-11 23:48:12'),
(19,1,2,2,'2018-08-11 23:48:12'),
(20,1,2,5,'2018-08-13 22:04:07'),
(21,1,2,2,'2018-08-13 22:04:08'),
(22,1,2,5,'2018-08-13 22:06:35'),
(23,1,2,2,'2018-08-13 22:06:35'),
(24,1,2,3,'2018-08-20 11:45:07');

/*Table structure for table `t_province` */

DROP TABLE IF EXISTS `t_province`;

CREATE TABLE `t_province` (
  `id` int(11) NOT NULL AUTO_INCREMENT,
  `no` varchar(3) DEFAULT NULL,
  `name` varchar(20) DEFAULT NULL,
  PRIMARY KEY (`id`)
) ENGINE=InnoDB AUTO_INCREMENT=35 DEFAULT CHARSET=utf8;

/*Data for the table `t_province` */

insert  into `t_province`(`id`,`no`,`name`) values 
(1,'01','北京'),
(2,'02','上海'),
(3,'03','天津'),
(4,'04','重庆'),
(5,'05','黑龙江'),
(6,'06','吉林'),
(7,'07','辽宁'),
(8,'08','内蒙古'),
(9,'09','河北'),
(10,'10','山西'),
(11,'11','陕西'),
(12,'12','山东'),
(13,'13','新疆'),
(14,'14','西藏'),
(15,'15','青海'),
(16,'16','甘肃'),
(17,'17','宁夏'),
(18,'18','河南'),
(19,'19','江苏'),
(20,'20','湖北'),
(21,'21','浙江'),
(22,'22','安徽'),
(23,'23','福建'),
(24,'24','江西'),
(25,'25','湖南'),
(26,'26','贵州'),
(27,'27','四川'),
(28,'28','广东'),
(29,'29','云南'),
(30,'30','广西'),
(31,'31','海南'),
(32,'32','香港'),
(33,'33','澳门'),
(34,'34','台湾');

/*Table structure for table `t_recinfo` */

DROP TABLE IF EXISTS `t_recinfo`;

CREATE TABLE `t_recinfo` (
  `id` int(11) NOT NULL AUTO_INCREMENT,
  `uid` int(11) DEFAULT NULL,
  `name` varchar(20) DEFAULT NULL,
  `tel` int(11) DEFAULT NULL,
  `proid` int(11) DEFAULT NULL,
  `cityid` int(11) DEFAULT NULL,
  `counyid` int(11) DEFAULT NULL,
  `detail` varchar(60) DEFAULT NULL,
  `flag` int(11) DEFAULT NULL,
  PRIMARY KEY (`id`)
) ENGINE=InnoDB AUTO_INCREMENT=26 DEFAULT CHARSET=utf8;

/*Data for the table `t_recinfo` */

insert  into `t_recinfo`(`id`,`uid`,`name`,`tel`,`proid`,`cityid`,`counyid`,`detail`,`flag`) values 
(5,3,'小囡囡',3249238,1,1,11,'这儿有宝贝',1),
(7,3,'这里没有宝贝',131234,14,123,1033,'哈哈这是一个有趣的条目',0),
(23,3,'龙龙',124321,12,98,855,'这个地方还不错',0),
(24,2,'阿汤',12315432,13,114,956,'汤哥住在遥远的地方~',1),
(25,2,'小陈',432,12,98,857,'曾经也爱过！',0);

/*Table structure for table `t_sysuser` */

DROP TABLE IF EXISTS `t_sysuser`;

CREATE TABLE `t_sysuser` (
  `id` int(11) NOT NULL AUTO_INCREMENT,
  `username` varchar(16) NOT NULL,
  `password` varchar(20) DEFAULT NULL,
  `flag` int(11) DEFAULT NULL,
  PRIMARY KEY (`id`),
  UNIQUE KEY `username` (`username`)
) ENGINE=InnoDB AUTO_INCREMENT=7 DEFAULT CHARSET=utf8;

/*Data for the table `t_sysuser` */

insert  into `t_sysuser`(`id`,`username`,`password`,`flag`) values 
(1,'tom','123',0),
(2,'root','123',0),
(3,'jerry','123',1),
(4,'jack','123',0),
(5,'zxx','123',0),
(6,'rose','123',1);

/*Table structure for table `t_user` */

DROP TABLE IF EXISTS `t_user`;

CREATE TABLE `t_user` (
  `id` int(11) NOT NULL AUTO_INCREMENT,
  `username` varchar(20) DEFAULT NULL,
  `password` varchar(20) DEFAULT NULL,
  `email` varchar(30) DEFAULT NULL,
  `sex` char(2) DEFAULT NULL,
  `flag` int(11) DEFAULT NULL,
  PRIMARY KEY (`id`)
) ENGINE=InnoDB AUTO_INCREMENT=5 DEFAULT CHARSET=utf8;

/*Data for the table `t_user` */

insert  into `t_user`(`id`,`username`,`password`,`email`,`sex`,`flag`) values 
(1,'xg','123','156955@qq.com','男',0),
(2,'xgg','123','1569558447@qq.com','男',0),
(3,'tang','123','909090@qq.com','女',0),
(4,'ni','123','1569558447@qq.com','男',0);

/*!40101 SET SQL_MODE=@OLD_SQL_MODE */;
/*!40014 SET FOREIGN_KEY_CHECKS=@OLD_FOREIGN_KEY_CHECKS */;
/*!40014 SET UNIQUE_CHECKS=@OLD_UNIQUE_CHECKS */;
/*!40111 SET SQL_NOTES=@OLD_SQL_NOTES */;
